AEECLSID_JPEG_YCRCB420LP_THUMB,0x01061b0d,system,concurrency
AEECLSID_OATDEBUGKEYAPP,0x0107c015,system,brewcore
AEECLSID_DialogForm,0x01028e40,ui,widgets
AEECLSID_CertParse,0x01038846,system,componentservices
AEECLSID_FOCUSCONTROLLER,0x0103e3b4,languages,trigplayer
AEECLSID_MEDIAMIDIOUTMSG,0x01005505,system,brewcore
AEECLSID_OEMSecureSysClock,0x0103d9dc,system,componentservices
AEECLSID_FLIP,0x0102f91c,hardware,formfactor
AEEIID_IDebugFactory,0x010449de,system,componentservices
AEECLSID_List,0x0105e099,databases,vcard
AEECLSID_GWRegistry,0x0104610b,system,componentservices
AEEIID_IUWindowSys,0x0103ee30,ui,wm
AEECLSID_HEAP1FACTORY,0x01028acc,system,brewcore
AEECLSID_SOURCE,0x01001012,system,brewcore
AEEIID_TRIGMLELEMENT,0x01040cc5,languages,trigplayer
AEECLSID_SmartDIB_16_565Alt,0x0104e0a8,ui,display
AEEIID_IASEngine,0x01078f18,languages,flash
AEECLSID_OATQOSAWAREUNAWAREAPP,0x01075684,system,brewcore
AEECLSID_OATAPPWLANMACADDR,0x01080228,connectivity,wlan
AEECLSID_PropContainer,0x0105522d,ui,widgets
AEEIID_CTF,0x010302f8,system,componentservices
AEECLSID_FONT_STANDARD15B,0x01030853,ui,fonts
AEECLSID_CURSORWIDGET_1,0x01028e10,ui,widgets
AEECLSID_ModInfoDyn,0x01041789,system,componentservices
AEECLSID_CTPROCESS,0x0102efa5,system,componentservices
AEEIID_IBTA2DP,0x01061c2b,connectivity,bluetooth
AEEIID_TRIGSTRINGTABLE,0x01042ca8,languages,trigplayer
AEEIID_IOBEXSrv,0x01053c88,connectivity,bluetooth
AEECLSID_DISPLAYPREFSACTOR,0x0102faa5,apps,softkeyappsuite
AEECLSID_HomeCanvas,0x0106c5b0,apps,mam
AEEIID_IFSConstFileMap,0x01093907,system,componentservices
AEECLSID_BCIBREW,0x01030767,media,imagedecoders
AEECLSID_CTFADNVERIFYRECS,0x0108df6a,databases,icontacts
AEECLSID_OATMediaMPEG4App,0x0108aab6,media,multimedia
AEECLSID_ASD20,0x0103ffd2,system,brewcore
AEECLSID_GWTESTAPP_APPS,0x0106c4ec,system,componentservices
AEECLSID_PrivSetTestSvcClass_U,0x0107268a,system,componentservices
AEECLSID_Fota2,0x0103f8cf,system,brewcore
AEECLSID_LocaleENUS,0x0102c153,system,locales
AEECLSID_McastSession2,0x0106d751,system,brewcore
AEECLSID_OATCONTENTPREVIEW,0x01071583,media,contentdrm
AEECLSID_Web,0x01005000,networking,web
AEECLSID_OATAPPHISTNOPLUSER,0x0103f202,system,brewcore
AEECLSID_LISTCTL,0x01003102,system,brewcore
AEEIID_ICodeSigPolicy,0x0103fa9e,system,componentservices
AEEIID_ICDB,0x0104448e,tools,device
AEECLSID_InfoDialog,0x01028e42,ui,widgets
AEECLSID_Registry2_Service,0x0103fed1,system,brewcore
AEECLSID_PEEK,0x0100101c,system,brewcore
AEECLSID_OATQOSAWAREDEV,0x01037af3,system,brewcore
AEECLSID_MULTIMEDIA_LAST,0x01005514,system,brewcore
AEECLSID_PORT0SERIAL,0x0103f434,system,componentservices
AEECLSID_COREGRIDDATAKEYEVENTHANDLER,0x01053bfc,languages,trigplayer
AEEIID_EGLGETCOLORBUFFER,0x0103d8ef,system,brewcore
AEECLSID_RANDOMPORT,0x0102acaa,system,brewcore
AEECLSID_SUPPSVC_NOTIFIER,0x0101317f,system,brewcore
AEEIID_IHostSocket,0x0103d707,system,brewcore
AEEIID_CACHINGRESFILE,0x0103c09f,languages,trigplayer
AEECLSID_OATMediaPMD,0x0108aa97,media,multimedia
AEECLSID_REMOVE_TEST_APP1,0x0103a757,system,brewcore
AEECLSID_VFSINTEGER,0x0102e0ec,languages,trigplayer
AEECLSID_ASExtObjE,0x0108bc0a,languages,flash
AEECLSID_ASExtObjD,0x0108bb7d,languages,flash
AEECLSID_ASExtObjF,0x0108bc0b,languages,flash
AEECLSID_POSDET_312,0x01001059,system,brewcore
AEECLSID_ASExtObjC,0x010886e0,languages,flash
AEECLSID_ASExtObjB,0x0108a55e,languages,flash
AEECLSID_StreamARC4,0x0102ccc9,system,componentservices
AEECLSID_OATTEXT,0x01010014,system,brewcore
AEEIID_MEMRGNSVCCORE,0x01031e1a,system,componentservices
AEECLSID_MemPool,0x010451b5,testframeworks,uitf
AEECLSID_STREAM_SOBER,0x0102d182,deprecated,legacybrewcrypto
AEECLSID_OATSMS,0x0101f51f,telephony,sms
AEECLSID_TEXTFORMATTER_1,0x0102b94c,system,locales
AEECLSID_OATDISPATCHER,0x0104495b,system,brewcore
AEECLSID_DLLMODLOADER,0x0103ca02,system,brewcore
AEECLSID_Transition2_Resizer,0x0106f9ec,ui,widgets
AEECLSID_WORLDCLOCKACTOR,0x01035b3c,apps,softkeyappsuite
AEECLSID_MLOCALE1,0x0108b2b2,databases,icontacts
AEEIID_ISimulatorStatusBar,0x01041483,tools,simulator
AEECLSID_MLOCALE2,0x0108badc,databases,icontacts
AEEIID_IRemoteParameters1,0x0108cc23,system,concurrency
AEEIID_DLSLINKER,0x010301af,media,multimedia
AEEIID_IBTRemoteDisplayInitiator,0x01072521,connectivity,bluetooth
AEECLSID_OATIRESOURCESTATUSDELEGATE,0x0107cbb4,system,concurrency
AEECLSID_BACKLIGHT_KEYPAD,0x010308a4,hardware,backlight
AEECLSID_NetworkDebugSetService,0x010704da,system,brewcore
AEECLSID_SMSMAINCLIENT,0x0100500e,system,brewcore
AEECLSID_ACMPriorityValueService,0x0108c045,system,concurrency
AEECLSID_IPCSERVERXTN,0x01042c40,deprecated,isqldbcshim
AEECLSID_CONTENTHANDLERSPREVIEW,0x01071405,media,contentdrm
AEECLSID_CollectMods,0x0108e41f,security,modulemanager
AEECLSID_PICKWIDGET_1,0x01028e1c,ui,widgets
AEEIID_ICipherWrapper,0x0102ccdf,system,componentservices
AEEIID_IMBMSControl,0x0105a6b4,system,brewcore
AEECLSID_BK_TEST_APP_1,0x01028863,system,brewcore
AEECLSID_DIB_20,0x0100102c,system,brewcore
AEECLSID_OATVOCODER,0x010128a9,system,brewcore
AEECLSID_MemShareGrpTCM,0x01060d25,system,componentservices
AEEIID_IvCard,0x0105ccd6,databases,vcard
AEECLSID_REMOTEMSGQ,0x01032612,system,componentservices
AEECLSID_BlockSeedSW,0x0102d180,system,componentservices
AEECLSID_OATPERFAPPLETCTL_KERNEL,0x01075a43,system,brewcore
AEECLSID_OATvCalStoreNOPL,0x01065051,databases,vcard
AEECLSID_IIMAGE_GETDIMFROMHDR,0x01094b38,media,imagedecoders
AEECLSID_SimDisplayDev1_4,0x010747e8,system,brewcore
AEECLSID_SimDisplayDev1_2,0x010747e6,system,brewcore
AEECLSID_UNZIPSTREAM,0x01001014,system,brewcore
AEECLSID_SimDisplayDev1_1,0x010747e5,system,brewcore
AEECLSID_BlockAES256SW,0x01039ad5,system,componentservices
AEECLSID_LOCALEACTOR,0x01038b5c,apps,softkeyappsuite
AEECLSID_BTCNXNSINGLETON,0x01072fcb,apps,softkeyappsuite
AEECLSID_ContactStoreTest2,0x01091d02,databases,pim
AEEIID_BEARERTECHNOLOGY,0x01046312,deprecated,headers
AEECLSID_ConstraintContainer,0x010551c4,ui,widgets
AEECLSID_GridWidget,0x01054a8d,ui,widgets
AEECLSID_BlockDESHW,0x0102cccd,system,componentservices
AEEIID_INetworkGoDormant,0x0108a3ee,system,brewcore
AEECLSID_MEMPOOL,0x010451b5,deprecated,isqldbcshim
AEECLSID_OATMediaSPFApp,0x0108aac0,media,multimedia
AEECLSID_SHA256Ctx,0x0102a792,system,componentservices
AEECLSID_VOICEMAIL,0x01032cf1,apps,softkeyappsuite
AEECLSID_UTFlashAMCBG,0x01087e93,languages,flash
AEECLSID_UIMDBFDN,0x01075c19,databases,icontacts
AEECLSID_FLASH_BASICAPP,0x0107c269,tools,multi-platform-samplecode
AEECLSID_OATADDRBOOKAPP,0x0107c9ac,deprecated,iaddrbookshim
AEECLSID_AEEDEBUGAPP,0x01037035,system,brewcore
AEECLSID_GRIDWIDGET_1,0x01028e1d,ui,widgets
AEEIID_IParametersRO,0x0102d13c,system,componentservices
AEECLSID_SHA384Ctx_SIZE,0x000000d0,system,componentservices
AEECLSID_HMAC_SHA1,0x0100104b,system,brewcore
AEECLSID_ACTORFRAMENODEMODELBASE,0x01034756,languages,platformactors
AEECLSID_LOCALEIT,0x010311e4,system,locales
AEECLSID_BACKLIGHT_DISPLAY3,0x0103035e,hardware,backlight
AEECLSID_VIDEOPHONE_MODEL,0x0102da94,telephony,staticextensions
AEECLSID_BLOCK_DES_HW,0x0102cccd,deprecated,legacybrewcrypto
AEECLSID_OATQOSSESSION,0x0102f8df,system,brewcore
AEECLSID_TRIG,0x0102e03d,languages,trigplayer
AEECLSID_MODMOVERTEST_CLEAR,0x0108bdcc,security,modulemanager
AEECLSID_LOCALEID,0x010311e3,system,locales
AEECLSID_SockPortDebugSetService,0x01070a4c,system,brewcore
AEECLSID_FONT_STANDARD26,0x0102f67f,ui,fonts
AEEIID_IGridContainer,0x01030226,ui,widgets
AEECLSID_LOCALERU,0x010311ed,system,locales
AEECLSID_PREFS_SERVICE,0x0103cea2,system,brewcore
AEECLSID_OATFSAPPFRAME,0x01075783,system,brewcore
AEECLSID_BTILAPP,0x0101730f,deprecated,isqldbcshim
AEECLSID_OATRAMCACHE,0x010434cb,system,brewcore
AEECLSID_ICONTACTSTest,0xdeadd00d,databases,icontacts
AEECLSID_SSL_101,0x01032176,security,ssl
AEECLSID_SysLarge,0x0108c390,apps,mam
AEECLSID_REGISTRY,0x0100103e,system,brewcore
AEECLSID_ctfcallhistsanitytest,0x0108c15b,databases,pim
AEECLSID_SHELLACTOR,0x0102eea2,apps,mam
AEECLSID_MediaAMR,0x0100550e,media,multimedia
AEECLSID_BBFEVERSION,0x0105a1f5,ui,fonts
AEECLSID_PointerLog,0x0108ac18,system,brewcore
AEECLSID_OATEVDODATASESSION,0x01054309,system,brewcore
AEECLSID_SettingsCore,0x0106d7cd,system,settings
AEEIID_IAddrInfo,0x01036e17,networking,networking
AEEIID_ISignalHandler,0x01041078,system,componentservices
AEEIID_IDisplayDev1,0x010747db,ui,display
AEECLSID_OATBACKGROUND,0x01051731,system,brewcore
AEECLSID_RESCTL_SOUND,0x0101e449,deprecated,headers
AEECLSID_CAMERA,0x01002013,system,brewcore
AEECLSID_AEEDIB,0x01001023,system,brewcore
AEECLSID_OATDEVICEUNLOADUSER,0x0104556c,system,brewcore
AEECLSID_TestLogMgr,0x01041de5,testframeworks,uitf
AEECLSID_VerifyModSigTest,0x01076067,security,modulemanager
AEEIID_SETDATA,0x0102d080,system,brewcore
AEECLSID_ACQUISITIONHANDLER,0x01080c8c,apps,softkeyappsuite
AEECLSID_OEMFilePort1,0x0105f935,system,componentservices
AEECLSID_ARRAYMODEL,0x010551c1,ui,widgets
AEECLSID_OATFILEAPP,0x010747d6,system,brewcore
AEECLSID_OATNETUTILS2,0x0106ef35,system,brewcore
AEECLSID_CallHistoryShimService,0x0108d3a7,deprecated,callhistoryshim
AEECLSID_OATCONTENTTHUMBNAILAPP_USER,0x0107ecd4,media,contentdrm
AEECLSID_FDNDeviceTest,0x01076e44,databases,icontacts
AEEIID_IvProperty,0x0105d01d,databases,vcard
AEECLSID_BATTERY,0x0102a188,hardware,battery
AEEIID_IController,0x01015953,ui,widgets
AEECLSID_ContentPreviewFactory0,0x01071122,media,contentdrm
AEEIID_RANDOMPORT,0x0102acbf,system,brewcore
AEECLSID_MEMREGIONTEST,0x01031dc9,system,componentservices
AEECLSID_HMACSHA256,0x0102a50e,deprecated,legacybrewcrypto
AEECLSID_CORENOTIFIER,0x01000004,system,brewcore
AEECLSID_OATAPPHISTPL,0x01034cc0,system,brewcore
AEEIID_SQLCACHESUBSET,0x010466e5,apps,softkeyappsuite
AEECLSID_ACTORFRAMECACHEMODEL,0x01034ce1,languages,platformactors
AEECLSID_RemoteControl_AVRCP_1_0_Target,0x01063575,connectivity,bluetooth
AEECLSID_GROUPS,0x01000800,system,brewcore
AEECLSID_OATBATTERY,0x0102f4d0,system,brewcore
AEECLSID_ScrollbarWidget,0x010551dc,ui,widgets
AEECLSID_OATAPPACM,0x01075769,system,concurrency
AEECLSID_SoftkeyTC,0x0105660c,ui,widgets
AEECLSID_LocaleUK,0x010311f7,system,locales
AEECLSID_OATRSAAppUser,0x0107deb5,deprecated,legacybrewcrypto
AEECLSID_OATVCALSTOREAPPUSER,0x010903f7,databases,vcard
AEEIID_IvCalObject,0x0105ccc5,databases,vcard
AEECLSID_ActorFrameLoader,0x01034cdd,languages,platformactors
AEECLSID_MSGDISPLAYACTOR,0x0103d83e,apps,softkeyappsuite
AEEIID_IOEMNetAttachment,0x0104604e,system,brewcore
AEECLSID_UTFrameWidget,0x0103623d,ui,widgets
AEEIID_GLES10EXT,0x0103d8de,system,brewcore
AEECLSID_SQLMGR,0x0102c4e8,deprecated,isqldbcshim
AEECLSID_DONOTHINGAPP,0x0102387b,tools,communication
AEECLSID_ADNDeviceTest,0x01074b43,databases,icontacts
AEECLSID_OEMLOCALE,0x0102ce50,system,locales
AEECLSID_Display1RequestBacklightOn,0x0108c2f7,apps,softkeyappsuite
AEECLSID_LOGGER_FILE,0x0100200e,system,brewcore
AEECLSID_OEMDisplayDev1_1,0x0108ae21,system,brewcore
AEEIID_IWindowWidget,0x0103de9e,ui,wm
AEECLSID_FRAMEWIDGETVERSION,0x01056f28,ui,widgets
AEECLSID_GWTEST_SERVICE,0x01046b46,system,componentservices
AEECLSID_IMAGEWIDGET_1,0x01028e19,ui,widgets
AEEIID_HEAP1FACTORY,0x01028acb,system,brewcore
AEEIID_IBitmap,0x01001021,ui,display
AEECLSID_LuaResFile,0x01085921,apps,mam
AEEIID_ISockPort,0x01039ba8,networking,networking
AEECLSID_OATAEECARD,0x0103ca01,telephony,staticextensions
AEECLSID_CALCULATORACTOR,0x01032f6b,apps,softkeyappsuite
AEECLSID_PROPCONTAINER,0x0105522d,ui,widgets
AEEIID_GLES11EXTPAK,0x0103def1,system,brewcore
AEECLSID_MBOXACTOR,0x01032f84,apps,softkeyappsuite
AEEIID_IA1DiagHandler,0x010891a3,system,componentservices
AEECLSID_MODMODLOADER,0x0103c8dc,system,brewcore
AEECLSID_PDPSettingsService,0x01070caa,system,brewcore
AEECLSID_WEBENG,0x01005005,system,brewcore
AEECLSID_OEMSOFTKEYTC,0x01057d69,ui,widgets
AEECLSID_HMACSHA384,0x0102a510,deprecated,legacybrewcrypto
AEECLSID_FrameWidget,0x01035392,ui,widgets
AEECLSID_WindowManager,0x01061019,ui,wm
AEECLSID_FONTSYSBOLD,0x01012788,system,brewcore
AEECLSID_OATVOBJECTPARSERAPPUSER,0x010903f4,databases,vcard
AEECLSID_COREAPP,0x01000002,system,brewcore
AEECLSID_OATRMCPERF,0x0103bb15,system,brewcore
AEEIID_IACMSingleton,0x0108a0b2,system,concurrency
AEECLSID_TRANSFORM,0x01001029,system,brewcore
AEECLSID_Touchscreen,0x0108acb4,hardware,touchscreen
AEECLSID_TYPEFACE,0x01035156,ui,fonts
AEECLSID_LuaSignal,0x01073c38,apps,mam
AEECLSID_OATFMRDS,0x0102ca7f,hardware,fm
AEECLSID_QOSLIST,0x0102b6ca,deprecated,headers
AEECLSID_BTFETextLayout,0x0103bda6,ui,fonts
AEECLSID_WEBUTIL,0x01005001,system,brewcore
AEECLSID_PROGRESSDIALOG,0x01028e41,ui,widgets
AEECLSID_CONSTRAINTCONTAINER_1,0x01028e0e,ui,widgets
AEECLSID_FONT_STANDARD23B,0x0102f67e,ui,fonts
AEECLSID_CTFX509CHAIN,0x0108ea38,deprecated,legacybrewcrypto
AEECLSID_PREFS,0x0103cea0,system,brewcore
AEECLSID_DIBDisplayDev1Service,0x0103ce11,ui,display
AEECLSID_SHA1,0x01001034,system,brewcore
AEEIID_INetUtils2,0x0106efcb,system,brewcore
AEEIID_ISpinLock,0x0103fe00,system,componentservices
AEECLSID_OEMROOTTC,0x010710a0,ui,widgets
AEEIID_IAppletFactory,0x0106c636,languages,platformactors
AEECLSID_FLASHEXT,0x01082938,tools,multi-platform-samplecode
AEECLSID_CTGSECUREFILE_INTERNAL,0x0108a798,security,modulemanager
AEECLSID_NetList,0x01035f32,system,brewcore
AEECLSID_OATMediaQCPApp,0x0108aaa3,media,multimedia
AEECLSID_ASD4,0x0103f616,system,brewcore
AEECLSID_ASD5,0x0103f617,system,brewcore
AEECLSID_ASD6,0x0103f618,system,brewcore
AEECLSID_PROTO,0x01005000,system,brewcore
AEECLSID_QoSFilter,0x0102b6cc,networking,networking
AEECLSID_ASD1,0x0103f613,system,brewcore
AEECLSID_QFONT20B,0x0104121a,apps,mam
AEECLSID_ASD3,0x0103f615,system,brewcore
AEECLSID_ALARMCODECNTR,0x01030130,system,brewcore
AEEIID_IPubKey,0x01034502,system,componentservices
AEECLSID_ASD8,0x0103f61a,system,brewcore
AEECLSID_ASD9,0x0103f61b,system,brewcore
AEECLSID_McastControlService2,0x0106e955,system,brewcore
AEEIID_IVectorModel2,0x0108c6dc,apps,mam
AEECLSID_CALLHISTORY_30,0x0100200c,system,brewcore
AEECLSID_CTFSampleDbCreation,0x0108cb9f,databases,icontacts
AEEIID_IXYContainer,0x01015954,ui,widgets
AEEIID_IForceFeed,0x0101eb0b,system,brewcore
AEECLSID_OATQOSBUNDLE,0x01036c9d,system,brewcore
AEEIID_IMailSlot,0x0105e808,system,componentservices
AEECLSID_BTConnection,0x01060fd4,connectivity,bluetooth
AEECLSID_OATMediaWMApp,0x0108aaba,media,multimedia
AEECLSID_LOCATIONSERVER,0x010212b8,hardware,gps
AEECLSID_DefaultTextController,0x010551c7,ui,widgets
AEECLSID_vJournal,0x0105f4c0,databases,vcard
AEECLSID_OEMBUTTONTC,0x01057d60,ui,widgets
AEECLSID_BASE,0x01001030,system,brewcore
AEECLSID_AES_DECRYPT,0x01001044,system,brewcore
AEECLSID_Form,0x01028e47,ui,widgets
AEECLSID_ResCtlSound,0x0101e449,system,brewcore
AEECLSID_OATCONTENTPREVIEWAPP_USER,0x0107ecc0,media,contentdrm
AEECLSID_DEVNOTIFIER,0x0103cf22,system,brewcore
AEECLSID_FONT_BASIC12B,0x0100a009,system,brewcore
AEECLSID_KMailbox0,0x0103e6a5,system,brewcore
AEECLSID_USBCompositor_GWOnly,0x01093e3e,hardware,usbdevice
AEEIID_MEMPOOL,0x010451b6,deprecated,isqldbcshim
AEECLSID_THREADTEST_K,0x0103f107,system,componentservices
AEECLSID_CODESIGPOLICY,0x0103f8ec,system,componentservices
AEECLSID_FONT_STANDARD9,0x010377eb,ui,fonts
AEEIID_ISysClock,0x0103d845,system,componentservices
AEEIID_IAnnunciatorControl,0x010628c9,system,brewcore
AEECLSID_OATUSBDRIVER,0x01045875,deprecated,usbdriver
AEECLSID_NEOCOREAPP,0x12345678,system,brewcore
AEECLSID_SERVINGSYSTEMMODEMODEL,0x0103a751,apps,mam
AEEIID_IWebResp,0x01005002,networking,web
AEECLSID_PrivSetTestSvcClass_K,0x01072682,system,componentservices
AEEIID_IMcastBundle,0x0106d84e,system,brewcore
AEECLSID_MEDIAAAC,0x0100550b,system,brewcore
AEECLSID_QFONT11B,0x0107d1f4,apps,mam
AEECLSID_OAT_USER,0x0103cf55,system,brewcore
AEECLSID_CONTACTSMODEL,0x0102fb90,apps,softkeyappsuite
AEEIID_IListModel,0x01015936,ui,widgets
AEECLSID_vFreeBusy,0x0105f4c4,databases,vcard
AEECLSID_OEMFileSystem2,0x010726d7,system,componentservices
AEECLSID_AppFrame4,0x01013827,ui,display
AEECLSID_OATIHIDAPP_USER,0x0107e825,hardware,hid
AEECLSID_DummyModB,0x010875ba,security,modulemanager
AEECLSID_SMSSTORAGE,0x0100500b,system,brewcore
AEECLSID_AppFrame3,0x01013826,ui,display
AEECLSID_UIMDBSNE_SERVICE,0x01070025,databases,icontacts
AEECLSID_RADIOWIDGET_1,0x01028e0c,ui,widgets
AEECLSID_QoSBundleTest,0x0103ece9,system,brewcore
AEEIID_IPubKeyEng,0x01034503,system,componentservices
AEECLSID_OATPLATFORMAPP,0x01075561,system,brewcore
AEECLSID_PDTest,0x0106fa20,system,brewcore
AEECLSID_LOCALEHI,0x0103a1e7,system,locales
AEEIID_SMSSTORAGE2,0x01038cc8,telephony,sms
AEEIID_IHID,0x0106c38d,hardware,hid
AEECLSID_SoundIQI,0x01074f54,system,concurrency
AEECLSID_LOCALEHE,0x0103a1e8,system,locales
AEECLSID_OATRESOURCEEEXT,0x010731c5,system,brewcore
AEECLSID_dbcTest,0x0106c373,databases,dbc
AEECLSID_FILESYSTEMTEST,0x0101f837,system,componentservices
AEECLSID_OATDISPLAYAPP,0x010754bc,system,brewcore
AEECLSID_RANDOMPORTTEST,0x0102ef16,system,brewcore
AEECLSID_USE_NW_INTERFACES_APP,0x0103dbf6,system,brewcore
AEECLSID_CONTACTSFDN,0x01075c52,databases,icontacts
AEECLSID_OATACL,0x01023957,system,brewcore
AEECLSID_OATHATDISABLEAPP_USER,0x01079aaa,system,brewcore
AEECLSID_BLOCK_DES,0x0102ccca,deprecated,legacybrewcrypto
AEECLSID_CaretWidget,0x01028e0a,ui,widgets
AEECLSID_WARNDIALOG,0x01028e45,ui,widgets
AEEIID_IASExtension,0x01078f14,languages,flash
AEECLSID_ACMPriorityValue,0x0108c044,system,concurrency
AEECLSID_OATFSPL,0x01013e1d,system,brewcore
AEEIID_ActorFrameLoader,0x0103cdf2,languages,platformactors
AEECLSID_DEBUGMSGACTOR,0x01032264,apps,mam
AEECLSID_OATPOSDET,0x0101000c,system,brewcore
AEECLSID_THREAD,0x01001017,system,brewcore
AEECLSID_CARDINFOACTOR,0x01038f84,apps,softkeyappsuite
AEECLSID_QFONT14REG,0x01036367,apps,mam
AEECLSID_RotateWidget,0x0104577f,ui,widgets
AEECLSID_timezoneNoPlTest,0x01072ddc,databases,timezone
AEECLSID_OATMEDIAVIDEOAPP,0x01075696,media,multimedia
AEEIID_THREADSERVICE,0x0102acbd,system,componentservices
AEEIID_ILuaBuffer,0x0106eda9,languages,lua
AEECLSID_OATVOBJECTPARSER,0x0106246c,databases,vcard
AEECLSID_PRIV_LAST,0x01000004,system,brewcore
AEECLSID_BMPDECODER,0x01026e21,deprecated,headers
AEECLSID_OATCONTENTPREVIEWAPP_KERNEL,0x0107ecac,media,contentdrm
AEECLSID_SSLROOTCERTS,0x01001032,system,brewcore
AEECLSID_PNGDECODER,0x01026e23,deprecated,headers
AEEIID_IAsyncFS,0x0106dc3b,connectivity,bluetooth
AEECLSID_LocaleESMX,0x010311f3,system,locales
AEECLSID_PROPCONTAINER_1_2,0x0102fe2c,ui,widgets
AEECLSID_FSConstFileMap,0x01093908,system,componentservices
AEECLSID_DEVPORTMGR,0x01001024,system,brewcore
AEECLSID_PerfModMoverTest,0x01086204,security,modulemanager
AEECLSID_MediaXMF,0x01005512,media,multimedia
AEEIID_IMediaVideo,0x01038655,media,multimedia
AEECLSID_MemoryHogger,0x01078f0a,system,brewcore
AEECLSID_LuaShell,0x01085920,apps,mam
AEECLSID_OEMNetAttachment,0x0104604d,system,brewcore
AEECLSID_WindowMgrActor,0x0105f8ec,apps,mam
AEECLSID_OEMBCMCSDB,0x01039e7a,system,brewcore
AEECLSID_ModInstaller,0x010764bd,security,modulemanager
AEECLSID_TimeZoneService,0x0106fd7d,databases,timezone
AEECLSID_FONT_STANDARD36,0x0102f681,ui,fonts
AEECLSID_SCREEN_SAVER,0x01010101,system,brewcore
AEECLSID_APP0,0x010341fc,system,brewcore
AEECLSID_USBCompositor_Persist,0x01093e40,hardware,usbdevice
AEECLSID_LocaleTR,0x010311f6,system,locales
AEEIID_IRealloc,0x0102345e,system,componentservices
AEECLSID_RFMCOLLECTOR,0x01089f29,apps,mam
AEECLSID_SLIDERTC,0x0105660b,ui,widgets
AEECLSID_LocaleTH,0x0103a1ea,system,locales
AEECLSID_LocaleTL,0x010311f5,system,locales
AEECLSID_ModCollector,0x01071c19,security,modulemanager
AEECLSID_BitmapFX,0x010627c9,ui,display
AEECLSID_SOUNDPATHHANDLER,0x0104fffe,apps,softkeyappsuite
AEECLSID_OATMediaAACApp,0x0108a95b,media,multimedia
AEECLSID_MEMASTREAM,0x0100100c,system,brewcore
AEECLSID_BTOPPClient,0x0106e5ae,connectivity,bluetooth
AEECLSID_MemMgr,0x01029f1e,system,componentservices
AEECLSID_ModCtl1Service,0x01070e69,system,componentservices
AEECLSID_RESFILE_1_2,0x0102ec57,ui,widgets
AEEIID_IItemStore,0x01060f39,system,brewcore
AEECLSID_PHONECTL,0x01001055,system,brewcore
AEECLSID_PROVISIONITEM,0x0100101f,system,brewcore
AEECLSID_UIMDBMETA_SERVICE,0x0107000f,databases,icontacts
AEECLSID_ASExtObjA,0x0108a55d,languages,flash
AEECLSID_USBCompositor_UI,0x01093e41,hardware,usbdevice
AEECLSID_UTFlashAMC,0x01075b99,languages,flash
AEECLSID_QoSSession,0x0102b6c9,networking,networking
AEECLSID_PopupMenuForm,0x01028e4c,ui,widgets
AEECLSID_OATDISP2PLUSER,0x01046ce9,system,brewcore
AEECLSID_Block3DES,0x0102cccf,system,componentservices
AEECLSID_PDPSettings,0x01070a7f,system,brewcore
AEEIID_GLES11EXT,0x0103d8eb,system,brewcore
AEECLSID_CTFFileHoggerTest,0x01078f01,system,brewcore
AEECLSID_VIEW,0x01004000,system,brewcore
AEEIID_IEnv,0x0102346d,system,componentservices
AEEIID_IBTRemoteCameraInitiator,0x01072522,connectivity,bluetooth
AEECLSID_LUASETTINGS,0x01062c2c,apps,mam
AEECLSID_CARDAPPTOOLKITAPP,0x0106fecb,apps,softkeyappsuite
AEEIID_DISPLAYINIT,0x01036c7f,system,brewcore
AEECLSID_LocaleFA,0x0103a1e6,system,locales
AEEIID_IAsyncFSResult,0x0106f906,connectivity,bluetooth
AEECLSID_OATPERFSUPPORT_01_USER,0x0103f21b,system,brewcore
AEECLSID_AddrInfoCacheService,0x010398da,system,brewcore
AEECLSID_LocaleFI,0x010311e0,system,locales
AEECLSID_OATMEDIASVG,0x0102d245,system,brewcore
AEECLSID_FONTSYSITALIC,0x0101402c,system,brewcore
AEECLSID_C_BasicMod1Ext_Service,0x0108e09c,tools,multi-platform-samplecode
AEECLSID_OATFLIPAPP,0x010755b4,system,brewcore
AEECLSID_OATHashAppUser,0x0107deb3,deprecated,legacybrewcrypto
AEEIID_SIMULATORPLUGIN,0x01034d61,tools,simulator
AEECLSID_SPDRCREATE,0x01024cca,system,brewcore
AEECLSID_VerifyModSigTest_K,0x01076068,security,modulemanager
AEECLSID_SCREENCAPXTN,0x0103c0a9,tools,communication
AEECLSID_RSA_DSP,0x0102daa3,deprecated,legacybrewcrypto
AEECLSID_ASEEventNotifier,0x0108c305,languages,flashlite
AEEIID_IStressCPU,0x01078f03,system,brewcore
AEECLSID_HMACSHA384Ctx_SIZE,0x00000158,system,componentservices
AEEIID_TESTLOGMGR,0x01041ddd,deprecated,isqldbcshim
AEECLSID_FlashFrameModel,0x01078cac,languages,flash
AEECLSID_ARRAYMODEL_1,0x01028e02,ui,widgets
AEECLSID_CPUHoggerService,0x01079270,system,brewcore
AEECLSID_NetworkService,0x01039ba9,system,brewcore
AEECLSID_OATPERFDISPLAY,0x01075548,system,brewcore
AEECLSID_BREWFONTS,0x0100a000,system,brewcore
AEECLSID_SCROLLTC,0x0105660a,ui,widgets
AEECLSID_MemShareGrpSMIService,0x0105936a,system,componentservices
AEEIID_IMemRegionList,0x0106dc97,system,componentservices
AEECLSID_BNTEST,0x0103ea72,system,componentservices
AEECLSID_STREAM_ARC4_HW,0x0102cf0f,deprecated,legacybrewcrypto
AEECLSID_OATRTTDATASESSION,0x01054319,system,brewcore
AEECLSID_GALLERYSYNCDAEMON,0x0106d422,databases,gallery
AEECLSID_LISTWIDGET_1,0x01028e1b,ui,widgets
AEECLSID_OATFMRADIO,0x0105f45c,hardware,fm
AEECLSID_OATPLATFORMAPPUSER,0x01087919,system,brewcore
AEECLSID_OATPERFSUPPORT_01,0x0103cdff,system,brewcore
AEECLSID_OATDEVICEAPP,0x0107577f,system,brewcore
AEECLSID_NetGlobalData,0x0103fe88,system,brewcore
AEECLSID_RINGERMGR,0x01002003,system,brewcore
AEECLSID_CONNPROFILESACTOR,0x0104f5d4,apps,softkeyappsuite
AEECLSID_LOCALEPL,0x010311e9,system,locales
AEECLSID_MGMTSUPPSVCACTOR,0x0103c972,apps,softkeyappsuite
AEECLSID_BT_NOTIFIER,0x0103b62b,connectivity,bluetooth
AEECLSID_QCSANSBBFVERSION,0x0105a205,ui,fonts
AEECLSID_RMCPERFORMANCETEST,0x01072024,security,modulemanager
AEECLSID_Transition2_Scaler,0x010734f1,ui,widgets
AEECLSID_OATAPPSMS_USER_HOST,0x010751b8,telephony,sms
AEECLSID_EventPipeTest,0x0108b6f3,system,brewcore
AEEIID_IWindowMgr0,0x0103da14,deprecated,headers
AEECLSID_OATFILEAPPUSER,0x010747d7,system,brewcore
AEECLSID_OATAPPPIMCONTACTSINT,0x0108d907,databases,pim
AEEIID_IQoSFlow,0x0102b6cb,networking,networking
AEECLSID_PositionSBS,0x010758e6,system,brewcore
AEECLSID_SimpleIOEcho,0x01046f23,system,componentservices
AEECLSID_HMACMD5Ctx,0x0100104c,system,componentservices
AEECLSID_CORESEQEVENTHANDLER,0x010461ea,languages,trigplayer
AEECLSID_UIMDBAAS,0x01075885,databases,icontacts
AEECLSID_REMOTEGWTEST_DSP,0x0106c4ea,system,componentservices
AEECLSID_BORDERWIDGET,0x01054a88,ui,widgets
AEECLSID_OATMediaMPEG4,0x0108aab5,media,multimedia
AEECLSID_OATNETWORKAPP_USER,0x01079c5d,system,brewcore
AEECLSID_dbcSanityTest,0x0107ac8c,databases,dbc
AEECLSID_ISQLUtil,0x01035501,deprecated,isqldbcshim
AEEIID_IBCMCSDB,0x01036173,networking,networking
AEEIID_IRecordStore,0x0103615e,system,brewcore
AEEIID_ISource,0x01001012,system,componentservices
AEECLSID_OATPERFMEMORY,0x01075675,system,brewcore
AEECLSID_TIMEACTOR,0x01030391,apps,softkeyappsuite
AEEIID_TRANSITION,0x010162ba,ui,widgets
AEECLSID_XMLLog,0x010416a2,testframeworks,uitf
AEECLSID_LuaModLoader,0x0106c5aa,languages,lua
AEECLSID_CDMACREDENTIALS,0x0101595b,system,brewcore
AEEIID_TRIGMLEXTENSION,0x01040cc8,languages,trigplayer
AEEIID_DEVICEPACK,0x01038b4d,tools,simulator
AEECLSID_WIFI_OPTS,0x0102eb93,connectivity,wlan
AEECLSID_HMACSHA1Ctx_SIZE,0x000000e0,system,componentservices
AEECLSID_BLOCK_SEED_HW,0x0102d181,deprecated,legacybrewcrypto
AEECLSID_OATDNSUT,0x01089dda,system,brewcore
AEECLSID_OATPERFSETTINGS_KERNEL,0x01088486,system,brewcore
AEECLSID_StreamARC4SW,0x0102cf0e,system,componentservices
AEECLSID_APPFRAMETEST,0x01071f64,apps,mam
AEECLSID_CONTENTINSTALLER,0x01087836,apps,softkeyappsuite
AEECLSID_MemRemoteSimService,0x0106d7c7,system,componentservices
AEEIID_IQI,0x01000001,deprecated,isqldbcshim
AEECLSID_PickWidget,0x01054a93,ui,widgets
AEEIID_IBTConnection,0x0105a9ad,connectivity,bluetooth
AEECLSID_TEXTMODEL_1,0x01028e2e,ui,widgets
AEECLSID_OATDISPBUFFUSERAPP,0x010783fc,system,brewcore
AEECLSID_OEMIMUI,0x0101279d,system,brewcore
AEECLSID_VOICE,0x01002002,system,brewcore
AEEIID_IMediaSVG,0x0106e202,media,multimedia
AEECLSID_VolumeDB,0x010729da,security,modulemanager
AEECLSID_GIFViewerVersion,0x010617cd,media,imagedecoders
AEECLSID_TOUCHSCREEN_CALIBRATION_APP,0x0106f253,hardware,touchscreen
AEEIID_SIMULATOR,0x01034d4a,tools,simulator
AEECLSID_LOCALETL,0x010311f5,system,locales
AEECLSID_SOUND2,0x0103ce15,system,brewcore
AEECLSID_APP2_USER,0x0104556f,system,brewcore
AEEIID_IvParm,0x0105d01e,databases,vcard
AEEIID_SEQUENCECONTROL,0x01042cca,deprecated,isqldbcshim
AEECLSID_WIDGETSMOD,0x010551ec,ui,widgets
AEECLSID_DummyMod,0x010870b9,security,modulemanager
AEECLSID_QFONT30B,0x010444b5,apps,mam
AEEIID_IRscPool,0x010367a7,system,brewcore
AEECLSID_OATVCALSTOREAPP,0x0107555d,databases,vcard
AEEIID_IMemRemote,0x0106d7bd,system,componentservices
AEECLSID_vEvent,0x0102ca81,databases,vcard
AEEIID_IDrawHandler,0x0103465d,ui,widgets
AEECLSID_OATNETUTILS2APP,0x0107568e,system,brewcore
AEECLSID_CipherModeOFB,0x0102ccdb,system,componentservices
AEECLSID_BTFEVERSION,0x0105a1f7,ui,fonts
AEEIID_ITouchscreenCalibration,0x0106ee69,hardware,touchscreen
AEECLSID_OATUSERMODE,0x0104519c,system,brewcore
AEEIID_TRIGMLLISTENERACTION,0x01041dc3,languages,trigplayer
AEEIID_MEMCACHE,0x010303a1,system,brewcore
AEEIID_ICodeSigResult,0x0102e4ac,system,componentservices
AEECLSID_OATMD5,0x0101000a,system,brewcore
AEECLSID_CameraFrameModel,0x01035c90,ui,widgets
AEEIID_IFileSystem1,0x01053a48,system,componentservices
AEEIID_IFileSystem2,0x01072402,system,componentservices
AEECLSID_SettingsService,0x0106a515,system,settings
AEECLSID_Dispatcher,0x01024f19,system,componentservices
AEECLSID_OATDEVICEAPPUSER,0x01075780,system,brewcore
AEECLSID_FILEMANAGER,0x0106da3d,apps,softkeyappsuite
AEECLSID_BTILSERVICEMGR,0x0101db5a,tools,communication
AEECLSID_QoSDebugSet,0x01038e18,system,brewcore
AEECLSID_OATPIMCALLHISTORYINT,0x0108ca7d,databases,pim
AEECLSID_OATDISP2NOPLUSER,0x01046ceb,system,brewcore
AEECLSID_CONTAINERTC,0x01056606,ui,widgets
AEECLSID_ADDRBOOK,0x01002018,system,brewcore
AEEIID_IShellBeep,0x01061b06,system,brewcore
AEECLSID_OATMCASTSIMDEVICE,0x01031e0d,system,brewcore
AEECLSID_CUSTOMCOREACTIVITIES,0x0104439f,apps,softkeyappsuite
AEEIID_IModDebugNotify,0x0106f0f3,system,componentservices
AEECLSID_OATFMRDSAPP,0x010756b5,hardware,fm
AEECLSID_OATAPPSMS_USER,0x010751b7,telephony,sms
AEEIID_IBTImageArchiveResponder,0x01072520,connectivity,bluetooth
AEECLSID_FONTSYSBOLDITALIC,0x0101402d,system,brewcore
AEECLSID_OATNETWORKSIM,0x01042228,system,brewcore
AEECLSID_OATNETWORK,0x0103255d,system,brewcore
AEECLSID_SockPortDebugSet,0x01038e15,system,brewcore
AEECLSID_OATSYSCLOCKSECPL,0x01038de6,system,brewcore
AEECLSID_BACKLIGHT_DISPLAY4,0x0103035f,hardware,backlight
AEEIID_IEnvFactory,0x0102a4a7,system,componentservices
AEECLSID_BACKLIGHT_DISPLAY2,0x0103035d,hardware,backlight
AEECLSID_CONTACTSECC,0x01078929,databases,icontacts
AEECLSID_BACKLIGHT_DISPLAY1,0x0102c46f,hardware,backlight
AEECLSID_ECCDeviceTest,0x0107998e,databases,icontacts
AEECLSID_OATProxy,0x01037ec5,system,brewcore
AEECLSID_PrivSet,0x0103192c,system,componentservices
AEEIID_IHIDDevice,0x0106c38e,hardware,hid
AEECLSID_NetUrgent,0x010153f7,networking,networking
AEEIID_ICodeSigVerify,0x0101e4e2,system,componentservices
AEECLSID_TABWIDGET_1,0x01028e2b,ui,widgets
AEECLSID_SMIMemPool,0x0106e42a,system,componentservices
AEECLSID_CIPHERMODE_CFB,0x0102ccda,deprecated,legacybrewcrypto
AEECLSID_OATGSMSMS,0x010127ce,system,brewcore
AEECLSID_CipherFactory,0x0102cce1,system,componentservices
AEEIID_IRichTextModel,0x0103969b,ui,widgets
AEECLSID_OATAPPPIMCONTACTSINT_USER,0x0108d905,databases,pim
AEECLSID_HASHTEST,0x0103cd49,system,componentservices
AEECLSID_OEMNotify,0x0103c20f,system,brewcore
AEECLSID_UIMDBADN_SERVICE,0x0107000d,databases,icontacts
AEECLSID_OATPOINTERAPP,0x0107568c,hardware,touchscreen
AEECLSID_OATCipherApp,0x0107deb0,deprecated,legacybrewcrypto
AEECLSID_SHA256,0x0102a50b,deprecated,legacybrewcrypto
AEEIID_TESTFRAMEWORK,0x010421e9,deprecated,isqldbcshim
AEECLSID_vxComponent,0x0108f500,databases,vcard
AEECLSID_QFONT41B,0x010444b6,apps,mam
AEECLSID_PointerLog_Service,0x0108b3a2,system,brewcore
AEEIID_IFrameModel,0x01035391,ui,widgets
AEECLSID_OEMFileSystem,0x0102076a,system,componentservices
AEECLSID_CMSSIGNEDDATATEST,0x0102c688,system,componentservices
AEECLSID_OATSTARTAPP,0x01046570,system,brewcore
AEECLSID_OATAPPCTLNOPL,0x01034578,system,brewcore
AEECLSID_MULTIPARTYCALL,0x01001054,system,brewcore
AEECLSID_OATBATTERYAPP,0x010753c4,system,brewcore
AEECLSID_USBNMEAService,0x0108b243,hardware,usbdevice
AEECLSID_SimDisplayDev1_3,0x010747e7,system,brewcore
AEECLSID_ACMConflictDetector,0x01086a11,system,concurrency
AEECLSID_FONTMAPMODEL,0x010551cb,ui,widgets
AEECLSID_OATCONTROLLER1,0x0103f595,system,brewcore
AEEIID_IBN,0x0102eaed,system,componentservices
AEEIID_IHashCtx,0x0102cb09,system,componentservices
AEECLSID_TitleWidget,0x010551e8,ui,widgets
AEECLSID_LOCALEENUS,0x0102c153,system,locales
AEECLSID_DISPLAYCANVAS,0x010551c8,ui,widgets
AEECLSID_CommonLuaBindings,0x0107555b,apps,softkeyappsuite
AEEIID_INetworkGetQoSMode,0x0108bc9c,system,brewcore
AEECLSID_DNSOptions,0x01045a88,networking,networking
AEEIID_ICipherFactory,0x0104171d,system,componentservices
AEECLSID_OATADDRINFO,0x010236ff,system,brewcore
AEECLSID_OATPERFAPPHISTORY_KERNEL,0x01075a41,system,brewcore
AEEIID_IOEMMTPD,0x01034b63,system,brewcore
AEEIID_RSA,0x0102eaee,deprecated,legacybrewcrypto
AEECLSID_BilinearScale,0x01060d5f,ui,display
AEEIID_IHostSocketList,0x0104386e,system,brewcore
AEECLSID_RUIM,0x0100200d,system,brewcore
AEECLSID_SIMULATORSTATUSBAR,0x01041484,tools,simulator
AEECLSID_GatewayARM9Opener,0x0105d278,system,componentservices
AEEIID_IUIMDBMETA,0x01070028,databases,icontacts
AEEIID_IKeysConfig,0x01060dbc,hardware,keysmapping
AEECLSID_SysClockCached,0x01056ca9,languages,lua
AEECLSID_TextFormatter,0x010551e3,system,locales
AEEIID_IKMailbox0,0x0103e6a0,system,brewcore
AEECLSID_NET_URGENT,0x010153f7,networking,networking
AEECLSID_CardContainer,0x010551c3,ui,widgets
AEECLSID_OATFIFO,0x01012932,system,brewcore
AEECLSID_BTImageArchiveInitiator,0x01073575,connectivity,bluetooth
AEECLSID_KSHELL_APP,0x0103df81,system,brewcore
AEECLSID_OEMSysClockCached,0x01056ca8,system,brewcore
AEECLSID_MemSpace,0x0106d7c1,system,componentservices
AEECLSID_MEDIAPHR,0x01005509,system,brewcore
AEEIID_IRawBlockCipher,0x0102d154,system,componentservices
AEECLSID_GRAPHICS_BREW,0x0102fb92,ui,display
AEECLSID_StaticWidget,0x010551e0,ui,widgets
AEEIID_IWallpaper,0x01073726,system,wallpaper
AEECLSID_CNXNMGR,0x01071a1c,apps,softkeyappsuite
AEECLSID_JPEG_YCBCR420LP_MAIN,0x01030e5a,system,concurrency
AEEIID_IBitmapDev,0x01012719,ui,display
AEECLSID_OATAPPKEYSMAPPING,0x01077844,hardware,keysmapping
AEEIID_SOUND2,0x0103e00d,system,brewcore
AEECLSID_MSGAPPSQLNOTIFIER,0x0103a084,apps,softkeyappsuite
AEEIID_IBTPBAPServer,0x0106ec08,connectivity,bluetooth
AEECLSID_OATQOSBUNDLEAPP_USER,0x01079c72,system,brewcore
AEECLSID_Gallery,0x01063407,databases,gallery
AEECLSID_RINGVIBEHANDLER,0x010703b5,apps,softkeyappsuite
AEECLSID_PROPCONTAINER_1_1,0x01028e23,ui,widgets
AEECLSID_OEMSCROLLTC,0x01057d67,ui,widgets
AEECLSID_RANDOM,0x0100103c,system,brewcore
AEECLSID_GIF2,0x010969a5,media,imagedecoders
AEECLSID_TOUCHSCREEN_CALIBRATION_HOST_APP,0x0108c7cc,hardware,touchscreen
AEEIID_ICodeSigConfigFactory,0x0106ecb5,system,componentservices
AEECLSID_GALLERYACTORCONTAINER,0x0106a569,apps,softkeyappsuite
AEECLSID_FONT_BASIC15,0x0100a00a,system,brewcore
AEECLSID_FONT_BASIC14,0x0100a007,system,brewcore
AEECLSID_FONT_BASIC12,0x0100a008,system,brewcore
AEECLSID_FONT_BASIC11,0x0100a005,system,brewcore
AEECLSID_FONT_BASIC10,0x0100a004,system,brewcore
AEECLSID_SIGNALQSERVICE,0x01028639,system,componentservices
AEECLSID_RADIOWIDGET,0x010551d3,ui,widgets
AEEIID_IRemoteObject,0x01038910,system,componentservices
AEEIID_HSIGNALBUS,0x01036d26,system,componentservices
AEECLSID_CheckWidget,0x01054a8a,ui,widgets
AEECLSID_ACMClientService,0x0108a7e8,system,concurrency
AEECLSID_POPUPMENUFORM,0x01028e4c,ui,widgets
AEECLSID_KWindowSys,0x0103defe,ui,wm
AEECLSID_PHONESTATECDMAACTOR,0x01031566,apps,softkeyappsuite
AEECLSID_PICKWIDGET,0x01054a93,ui,widgets
AEECLSID_USBListenerService,0x010943a7,hardware,usbdevice
AEECLSID_McastControl,0x01056b18,system,brewcore
AEECLSID_CTFGTESInstall_USBGW,0x0108e000,system,componentservices
AEECLSID_MemoryUsage,0x010886c8,testframeworks,uitf
AEECLSID_FORMSVERSION,0x01056374,ui,widgets
AEECLSID_FilePort1,0x0105ec1a,system,componentservices
AEECLSID_PortMgr,0x01043624,system,brewcore
AEECLSID_LocaleAR,0x0103a1e5,system,locales
AEECLSID_BCI_BREW,0x01030767,deprecated,headers
AEEIID_IPort1,0x01056898,system,componentservices
AEECLSID_OATPERFFILESYSTEM,0x0107553f,system,brewcore
AEECLSID_BLOCK_3DES_HW,0x0102ccd1,deprecated,legacybrewcrypto
AEECLSID_USBDeviceBridge,0x0108ae1f,hardware,usbdevice
AEECLSID_IIMAGE_GETORIGINALDIMENSIONS,0x0106d4e8,media,imagedecoders
AEECLSID_FOTA,0x0101f53d,system,brewcore
AEECLSID_GRIDCONTAINERTC,0x01056608,ui,widgets
AEECLSID_BTILFUNCS,0x0101e14c,system,brewcore
AEEIID_RICHTEXTMODEL,0x0103969b,ui,widgets
AEECLSID_DNSConfig2,0x0102fd28,networking,networking
AEEIID_IUIMPBOOK,0x01070029,databases,icontacts
AEECLSID_CTFTestEnable_UsbGW,0x0108c978,system,componentservices
AEECLSID_JPEGDecoder,0x01026e22,media,imagedecoders
AEECLSID_Remote,0x0102865b,system,componentservices
AEEIID_SIMULATOREFSCONFIG,0x0103b8cb,tools,simulator
AEEIID_ICertBag,0x010386d5,system,componentservices
AEEIID_VFS_SCRIPT_LUA,0x010420f2,languages,trigplayer
AEECLSID_timezoneTest,0x0106fdcb,databases,timezone
AEECLSID_ScreenShot,0x0104202e,testframeworks,uitf
AEECLSID_OATPERFAPPLETCTL_USER,0x01075a44,system,brewcore
AEECLSID_UTFlashLiteBG,0x010890d7,languages,flashlite
AEECLSID_OATMOVETESTAPP2,0x0101aaa2,system,brewcore
AEECLSID_OATMOVETESTAPP1,0x0101aaa1,system,brewcore
AEECLSID_MediaAudio3D,0x010350bf,media,multimedia
AEECLSID_MEDIAHVS,0x0100550f,system,brewcore
AEECLSID_SNEMASTER_SERVICE,0x0107001f,databases,icontacts
AEECLSID_UIMDBEXT,0x01070018,databases,icontacts
AEECLSID_OATDispDevUserApp,0x01075951,system,brewcore
AEECLSID_OATPERFAPPHISTORY,0x01075678,system,brewcore
AEECLSID_HELLOWORLD,0x01009ff0,tools,communication
AEECLSID_QoSList,0x0102b6ca,networking,networking
AEECLSID_VALUEMODEL_1,0x01028e3c,ui,widgets
AEECLSID_PROTESTSTUB,0x01abcdef,languages,trigplayer
AEEIID_IOEMSock,0x01034acf,system,brewcore
AEECLSID_XYContainer,0x010551ed,ui,widgets
AEECLSID_DISP3,0x01006003,system,brewcore
AEECLSID_OATJOYSTICK,0x0102a84a,system,brewcore
AEECLSID_DISP4,0x01006004,system,brewcore
AEECLSID_OATMEDIASVGAPPUSER,0x01075798,media,multimedia
AEECLSID_MEMMAPTEST,0x01031dca,system,componentservices
AEECLSID_TextTC,0x0105660e,ui,widgets
AEEIID_KEYSCONFIG,0x01060dbc,deprecated,headers
AEECLSID_CTGMODMGRPERFPOPULATEBDS,0x0108aebf,security,modulemanager
AEECLSID_LocaleRU,0x010311ed,system,locales
AEEIID_IRectangleList,0x0108d535,ui,widgets
AEEIID_IAEEOEM,0x0105bb55,system,brewcore
AEECLSID_DefaultLocale,0x010551c6,system,locales
AEECLSID_OATMediaSPF,0x0108aabf,media,multimedia
AEECLSID_OATRINGERAPP,0x01075640,media,multimedia
AEECLSID_OATMEDIA,0x0101000d,system,brewcore
AEEIID_IParameters1,0x0104047f,system,componentservices
AEECLSID_OATPERFMISC,0x0107b7a2,system,brewcore
AEECLSID_EXTGETHOSTBYNAME,0x01033d5a,system,brewcore
AEECLSID_JPEG_RGB888_MAIN_IQI,0x01074f65,system,concurrency
AEECLSID_CTGMODMGRPERFCLEANUP,0x0108adf0,security,modulemanager
AEECLSID_OATMCASTBUNDLEAPP_USER,0x01079c35,system,brewcore
AEECLSID_TEXTCONTROLLER_MODES,0x0104a2b2,apps,softkeyappsuite
AEECLSID_OATTAPISERVINGNETWORKS,0x01075604,telephony,tapi
AEECLSID_RANGE,0x00000fff,system,brewcore
AEECLSID_OATNETUTILSAPP,0x01075691,system,brewcore
AEECLSID_RamCache,0x0100103d,system,brewcore
AEECLSID_PNGDecoder,0x01026e23,media,imagedecoders
AEEIID_IDebugSet,0x010376cc,system,brewcore
AEECLSID_JULIANTIMEWIDGET_1,0x01031365,ui,widgets
AEECLSID_OATDLS,0x010301ac,media,multimedia
AEECLSID_SJISConv,0x01044106,system,brewcore
AEECLSID_DIALOG,0x01001009,system,brewcore
AEEIID_IModMgr,0x0103bd12,languages,lua
AEECLSID_ACTORFRAMESINGLETON,0x01034cdf,languages,platformactors
AEEIID_IWindowMgrApp,0x01074e87,ui,wm
AEECLSID_AppFrame1,0x0101259e,ui,display
AEECLSID_BLOCK_AES128,0x0102ccd3,deprecated,legacybrewcrypto
AEECLSID_OATLegacyHash,0x0101000a,deprecated,legacybrewcrypto
AEEIID_IMcastBundleControl,0x0106e8ea,system,brewcore
AEECLSID_ErrorDialog,0x01028e44,ui,widgets
AEECLSID_OATFORMFACTOR,0x0103fc87,system,brewcore
AEECLSID_PrimaryQoSSessionService,0x010634bc,system,brewcore
AEECLSID_VOLMODESTATEMODEL,0x01033af1,apps,mam
AEEIID_IVectorModel,0x0101594f,ui,widgets
AEECLSID_OEMRUIMADDRBOOK,0x01006106,system,brewcore
AEEIID_OEMNotifyService,0x010340be,system,brewcore
AEECLSID_SysBold,0x0108c391,apps,mam
AEEIID_CTSUITE,0x010302f7,system,componentservices
AEECLSID_BREWCREDENTIALS,0x0101595c,system,brewcore
AEECLSID_SMSBCSRVOPTS,0x0100500c,system,brewcore
AEECLSID_ERRORDIALOG,0x01028e44,ui,widgets
AEECLSID_IMEMMemPool,0x0106e42c,system,componentservices
AEECLSID_OATBITMAPFX,0x010627ca,system,brewcore
AEECLSID_SPRITE,0x01001028,system,brewcore
AEECLSID_CALLHISTORYHANDLER,0x0104ffff,apps,softkeyappsuite
AEECLSID_Q6OpenerOnDevice,0x0106e6ab,system,componentservices
AEECLSID_BTImagePrintInitiator,0x01073577,connectivity,bluetooth
AEEIID_IMcastControl,0x0105616a,system,brewcore
AEECLSID_DNSCONFIG2,0x0102fd28,deprecated,headers
AEECLSID_ModInfoDynService,0x0104178a,system,componentservices
AEECLSID_ENCODING,0x01004100,system,brewcore
AEECLSID_HighResClock_SERVICE,0x01061797,system,componentservices
AEECLSID_ResFileMap,0x0105f8e8,apps,mam
AEECLSID_JPEG_YCBCR420LP_THUMB_IQI,0x01074f62,system,concurrency
AEECLSID_QCSANSTTF,0x0103fb4b,ui,fonts
AEEIID_IPrimaryQoSSession,0x0104564e,networking,networking
AEECLSID_USBCompositor_Host,0x0108c047,hardware,usbdevice
AEECLSID_HMAC_SHA1CTX,0x0100104e,system,brewcore
AEECLSID_FSJournalTest,0x01077c56,security,modulemanager
AEECLSID_DISPLAYCLONE,0x0100102b,system,brewcore
AEECLSID_vProperty,0x0102ca7c,databases,vcard
AEECLSID_OATCALLHISTORYNOPL,0x01020f57,deprecated,callhistoryshim
AEECLSID_JPEG_RGB888_MAIN,0x0103bbef,system,concurrency
AEEIID_ISVGDOM,0x01038466,media,multimedia
AEECLSID_QFONT8,0x0107d20b,apps,mam
AEECLSID_QFONT9,0x0102588f,apps,mam
AEECLSID_OATMediaMP3App,0x010891d4,media,multimedia
AEEIID_CONFIGURABLE,0x01054459,deprecated,isqldbcshim
AEECLSID_OATPERFMEMORY_USER,0x01075a4d,system,brewcore
AEECLSID_CLIPBOARD2,0x0103e6b9,system,brewcore
AEECLSID_OATCONTENTMETADATAAPP_USER,0x0107f084,media,contentdrm
AEEIID_IBitmapCtl,0x0101f1d7,ui,display
AEECLSID_PerfModLoadTest,0x0108880c,security,modulemanager
AEECLSID_OATOEMNOTIFY,0x01011111,system,brewcore
AEECLSID_BTILIPCCLIENT,0x0101f279,deprecated,isqldbcshim
AEECLSID_C_UI_FLASHPLAYER,0x0107c6c9,tools,multi-platform-samplecode
AEECLSID_ViewportTC,0x0108a363,ui,widgets
AEECLSID_MediaIMelody,0x0100550c,media,multimedia
AEECLSID_FRAMER4,0x01014b5f,system,brewcore
AEECLSID_FRAMER2,0x01014b5d,system,brewcore
AEECLSID_FRAMER3,0x01014b5e,system,brewcore
AEECLSID_FRAMER1,0x01014b5b,system,brewcore
AEECLSID_LocaleVI,0x010311f8,system,locales
AEECLSID_FSPathMap,0x0107e8c5,system,componentservices
AEECLSID_WEB,0x01005000,system,brewcore
AEECLSID_OATJOGDIALAPPUSER,0x01079b31,system,brewcore
AEECLSID_OATFMRADIOAPP,0x010756b0,hardware,fm
AEECLSID_FONT_STANDARD18,0x0102f67b,ui,fonts
AEECLSID_NetworkTest,0x01036609,system,brewcore
AEECLSID_FONT_STANDARD15,0x01030852,ui,fonts
AEECLSID_OATDISPBUFF,0x010783e8,system,brewcore
AEECLSID_GWSERVER,0x010491fa,system,componentservices
AEECLSID_FONT_STANDARD11,0x0102f679,ui,fonts
AEECLSID_MODEL_1,0x01028e3b,ui,widgets
AEECLSID_MEDIAMIDIOUTQCP,0x01005506,system,brewcore
AEECLSID_OATSOCKET,0x01010008,system,brewcore
AEECLSID_BROWSER,0x01007100,system,brewcore
AEECLSID_FILEMGR_312,0x01001003,system,brewcore
AEECLSID_FILEMGR_313,0x0102d575,system,brewcore
AEECLSID_SMSMSG,0x01005008,system,brewcore
AEEIID_IBitmapFX,0x0105f5ed,ui,display
AEECLSID_EGL,0x01014bc4,system,brewcore
AEECLSID_HID,0x0106c411,hardware,hid
AEECLSID_OEM_LAST,0x01006004,system,brewcore
AEECLSID_DNSConfig,0x0101c8af,networking,networking
AEECLSID_OATSOUNDAPPUSER,0x0107579d,media,multimedia
AEECLSID_MultiModSigCtlService,0x0108947b,system,componentservices
AEEIID_IBTAudioGateway,0x0105aa38,connectivity,bluetooth
AEECLSID_LOCALEHU,0x010311e2,system,locales
AEECLSID_FONT_STANDARD23,0x0102f67d,ui,fonts
AEECLSID_VFSSIGNAL,0x0102e0eb,languages,trigplayer
AEECLSID_ProcessListCtlService,0x01044920,system,componentservices
AEECLSID_FONTSYSLARGE,0x01012787,system,brewcore
AEECLSID_SettingsTestExt,0x0106f90c,system,settings
AEEIID_IMailBox,0x0105e806,system,componentservices
AEECLSID_PNGDECODER_BREW,0x01030766,deprecated,headers
AEECLSID_OATBCMCSDB,0x01036172,system,brewcore
AEECLSID_Thread1,0x01025a9d,system,componentservices
AEECLSID_OATDISP2NOPL,0x01046cea,system,brewcore
AEECLSID_McastBundle,0x0106d74e,system,brewcore
AEECLSID_OEMADDRBOOK,0x01006105,system,brewcore
AEEIID_IHeap1DebugCtl,0x0107894f,system,componentservices
AEECLSID_CARD_MODEL,0x0102cbb9,telephony,staticextensions
AEECLSID_CheckTC,0x01056605,ui,widgets
AEEIID_IVolumeDB,0x010729d9,security,modulemanager
AEECLSID_ResolverDebugSet,0x0103b216,system,brewcore
AEECLSID_TrigAppletFactory,0x0106c637,languages,platformactors
AEECLSID_ACM,0x01075487,system,concurrency
AEECLSID_VAR,0x01038c14,languages,trigplayer
AEECLSID_DIALERACTOR,0x01033a61,apps,softkeyappsuite
AEECLSID_OATMediaXMF,0x0108aab8,media,multimedia
AEECLSID_OATALARMMGR,0x0102f8f6,system,brewcore
AEECLSID_OATSHELLSTARTAPP,0x01075638,system,brewcore
AEEIID_IBTImagePushResponder,0x0107251d,connectivity,bluetooth
AEEIID_IvObjectParser,0x0105f45d,databases,vcard
AEECLSID_CIPHERFACTORY,0x0102cce1,deprecated,legacybrewcrypto
AEECLSID_OATPRIMQOSDEV,0x010469e3,system,brewcore
AEECLSID_RSA_BEST,0x0102dec1,deprecated,legacybrewcrypto
AEECLSID_ENCODE_SHIFTJIS,0x01800001,system,brewcore
AEECLSID_CALLLOGACTOR,0x0102f46f,apps,softkeyappsuite
AEECLSID_DLL1ModLoader,0x0103bd1c,system,componentservices
AEEIID_IAggregate,0x01014ec5,ui,display
AEEIID_IPort0,0x0103eedd,system,componentservices
AEECLSID_ModMgr,0x0103bd11,languages,lua
AEECLSID_OEMGridContainerTC,0x01057d64,ui,widgets
AEEIID_ISignalFactory,0x01041077,system,componentservices
AEECLSID_UPBROWSER,0x01007100,system,brewcore
AEECLSID_OATRTTDOWNLOAD,0x01054318,system,brewcore
AEEIID_RAWBLOCKCIPHER,0x0102d154,deprecated,legacybrewcrypto
AEEIID_IMod,0x0102bba1,system,componentservices
AEECLSID_PADCIPHER,0x0102ccdd,deprecated,legacybrewcrypto
AEECLSID_SYSTEMSTATEACTOR,0x010339c8,apps,mam
AEEIID_OEMNotify,0x010340c0,system,brewcore
AEECLSID_SHA1Ctx,0x0100103b,system,componentservices
AEECLSID_OEMContainerTC,0x01057d62,ui,widgets
AEEIID_IThreadMarshal,0x0103f21a,system,componentservices
AEECLSID_ADDRINFOCACHE,0x01037ae7,deprecated,headers
AEEIID_IOEMNotifyExt,0x0108b1d3,system,brewcore
AEECLSID_CONTACTSAPP,0x0102f7ad,apps,softkeyappsuite
AEEIID_IArrayModel,0x0101590b,ui,widgets
AEECLSID_CTFGTESInstall,0x0108dffe,system,componentservices
AEEIID_ICertChain,0x0102eae4,system,componentservices
AEECLSID_PROVISION_PRL,0x01006100,system,brewcore
AEEIID_IProcess,0x0102242a,system,componentservices
AEECLSID_QOSFLOW,0x0102b6cb,deprecated,headers
AEECLSID_OATPERFFILESYSTEM_KERNEL,0x01075a4b,system,brewcore
AEECLSID_SYSTEMINFO,0x01084ee0,apps,sysinfo
AEEIID_IKWindowSys,0x0103de97,ui,wm
AEECLSID_DefaultTextLayout,0x0103bd08,ui,widgets
AEECLSID_HMACSHA384Ctx,0x0102a513,system,componentservices
AEECLSID_OATVIEWERAPP,0x0107555c,media,imagedecoders
AEEIID_IFSReserve,0x0108c7c4,system,componentservices
AEECLSID_OATWEBAPP,0x01075558,networking,web
AEECLSID_MBMSControl,0x0105a6b5,system,brewcore
AEECLSID_OATGALLERY,0x0107015b,databases,gallery
AEEIID_ITrigplayerEventNotifier,0x0107243a,languages,trigplayer
AEECLSID_FONT_STANDARD11B,0x0102f67a,ui,fonts
AEECLSID_QFONT14B,0x0105c70c,apps,mam
AEECLSID_RscPool,0x01001016,system,brewcore
AEECLSID_PHONECONTROLCDMAACTOR,0x01031154,apps,softkeyappsuite
AEECLSID_OATACLG4,0x010247b2,system,brewcore
AEECLSID_ASETestFramework1,0x0108d698,languages,flash
AEECLSID_SMSSTORAGEDAEMON,0x0103b6ef,apps,softkeyappsuite
AEECLSID_TEXTMODEL,0x010551e5,ui,widgets
AEECLSID_QOSSPEC,0x0102b6c6,deprecated,headers
AEECLSID_SLIDERWIDGET,0x010551de,ui,widgets
AEECLSID_DATETIMETC,0x01056607,ui,widgets
AEECLSID_FADER,0x010551ca,ui,widgets
AEECLSID_LISTWIDGET,0x01054a92,ui,widgets
AEECLSID_OEMTEXTLAYOUT,0x010566cc,ui,widgets
AEECLSID_KSHELL_SERVICE,0x0103cea8,system,brewcore
AEECLSID_PHONESTATEUMTSACTOR,0x01039bf2,apps,softkeyappsuite
AEECLSID_OATIMUI,0x010152ce,system,brewcore
AEECLSID_ScrollTC,0x0105660a,ui,widgets
AEECLSID_SERIALPORT1SERVICE,0x0103f435,system,componentservices
AEECLSID_WORLDCLOCK,0x010427e9,apps,softkeyappsuite
AEECLSID_VECTORMODEL_1,0x01028e35,ui,widgets
AEECLSID_UIMDBSNE,0x01070024,databases,icontacts
AEECLSID_OATTOUCHTOLOCK,0x010783d5,system,brewcore
AEECLSID_AEECDEBUGSET,0x01038aed,system,brewcore
AEECLSID_APPMGRDAEMON,0x0107098a,apps,mam
AEEIID_IHandleEvent,0x0108e1bb,ui,wm
AEEIID_IAppletCtl,0x0103a4d8,system,brewcore
AEECLSID_VectorModel2,0x0108c4e8,apps,mam
AEECLSID_PROPCONTAINER_1,0x0102fe2c,ui,widgets
AEECLSID_IMAGEACTOR,0x01038b61,apps,softkeyappsuite
AEEIID_ICardAppToolkit,0x0106fd5e,telephony,cat
AEECLSID_IPCServerXtn,0x01042c40,testframeworks,uitf
AEECLSID_BTILIPCSERVER,0x0101f278,deprecated,isqldbcshim
AEECLSID_BTAudioGateway,0x0105aa4c,connectivity,bluetooth
AEECLSID_PHONECONTROLACTOR,0x0102f0ba,apps,softkeyappsuite
AEECLSID_kMailPool,0x0105d27b,system,componentservices
AEECLSID_CAMERA1,0x01002013,hardware,camera
AEECLSID_DIRENUMTEST,0x0101f838,system,componentservices
AEECLSID_LOCALEAR,0x0103a1e5,system,locales
AEECLSID_OATSIO,0x010131b7,system,brewcore
AEEIID_ITextFormatter,0x0102c14d,system,locales
AEECLSID_TAPI,0x01001007,system,brewcore
AEECLSID_ICONVIEWCTL,0x01003103,system,brewcore
AEECLSID_BBFE,0x01039c62,ui,fonts
AEECLSID_TypefaceNull,0x010872a2,ui,fonts
AEEIID_TRIGMLEVENTHANDLER,0x01040cc6,languages,trigplayer
AEECLSID_BLOCK_3DES_SW,0x0102ccd0,deprecated,legacybrewcrypto
AEECLSID_CTFGTESInstall_DiagGW,0x0108dfff,system,componentservices
AEECLSID_VIDEOPHONE,0x0101395e,telephony,staticextensions
AEECLSID_SCROLLBARWIDGET,0x010551dc,ui,widgets
AEECLSID_GridContainerTC,0x01056608,ui,widgets
AEECLSID_DIBDisplayDev3Service,0x0103ce13,ui,display
AEECLSID_DATEWIDGET_1,0x0102b9de,ui,widgets
AEEIID_IMcastSession2,0x0106d84f,system,brewcore
AEEIID_ISignalQ,0x010285f6,system,componentservices
AEECLSID_BTFEFontBidiUtil,0x010370a6,ui,fonts
AEECLSID_ModDebugNotify,0x0106f0f6,system,componentservices
AEECLSID_BTCNXNSERVICE,0x0107206d,apps,softkeyappsuite
AEECLSID_CARDLOCKACTOR,0x010563ca,apps,softkeyappsuite
AEEIID_IBTImagePullInitiator,0x0107251a,connectivity,bluetooth
AEECLSID_EnvFactory,0x0102a4a8,system,componentservices
AEECLSID_ContentMetaDataFactory,0x01073d36,media,contentdrm
AEECLSID_DNS,0x01005006,system,brewcore
AEECLSID_GalleryWritableNotifier,0x01070815,databases,gallery
AEECLSID_CORESYNCEVENTHANDLER,0x010461eb,languages,trigplayer
AEECLSID_OATDISP,0x01010005,system,brewcore
AEECLSID_TEST_APP_3,0x010288b4,system,brewcore
AEECLSID_TEST_APP_2,0x01027ebe,system,brewcore
AEECLSID_TEST_APP_1,0x01027476,system,brewcore
AEECLSID_SourceUtil,0x01001011,networking,web
AEECLSID_CipherModeCBC,0x0102ccd9,system,componentservices
AEECLSID_FONT_FIXED4X6,0x0100a001,system,brewcore
AEECLSID_WEBOPTS,0x01005004,system,brewcore
AEECLSID_ADNDeviceTest1,0x0108a2cb,databases,icontacts
AEECLSID_TEXTCONTROLLER_MULTITAP,0x01038657,apps,softkeyappsuite
AEECLSID_CURSORWIDGET,0x01054a8b,ui,widgets
AEECLSID_CertChain,0x0102ef0c,system,componentservices
AEEIID_BT_DEV_DB,0x01041696,connectivity,bluetooth
AEECLSID_BCMCSDatabase,0x01036174,networking,networking
AEEIID_IQoSSpec,0x0102b6c6,networking,networking
AEECLSID_CARD,0x01011811,telephony,staticextensions
AEECLSID_HMACSHA256Ctx_SIZE,0x000000b0,system,componentservices
AEECLSID_BACKLIGHTACTOR,0x0103248a,apps,softkeyappsuite
AEECLSID_JPEG_RGB_MAIN,0x01030e58,system,concurrency
AEECLSID_SockPort,0x01012d97,networking,networking
AEECLSID_PDPSETTINGSTEST_NONE,0x010717fa,system,brewcore
AEECLSID_ContactStoreTest,0x0108d5ce,databases,pim
AEECLSID_USBCSGW,0x0108a6a2,hardware,usbdevice
AEECLSID_vObjectParser,0x0105ccc6,databases,vcard
AEECLSID_DEFAULTTEXTCONTROLLER_1,0x010489b3,ui,widgets
AEECLSID_MemPoolMapped,0x010705e5,system,componentservices
AEECLSID_OATDOWNLOAD,0x01012913,system,brewcore
AEEIID_IProcessListCtl,0x0104491b,system,componentservices
AEECLSID_PDPSETTINGSTEST_R,0x010717f9,system,brewcore
AEECLSID_SmartDIB_2_0,0x01015025,ui,display
AEEIID_IBTBIPInitiator,0x01072525,connectivity,bluetooth
AEECLSID_tzdbgenTest,0x0107286f,databases,timezone
AEECLSID_WarnDialog,0x01028e45,ui,widgets
AEECLSID_OEMConfigItemService,0x0103d73f,system,brewcore
AEECLSID_OATTOUCHTOLOCKAPP,0x010783d6,system,brewcore
AEECLSID_OATCalendarint,0x0108d68e,databases,pim
AEECLSID_CALL,0x01001053,system,brewcore
AEECLSID_LOCALEEL,0x010311e1,system,locales
AEECLSID_USBDRIVER,0x0102e632,deprecated,usbdriver
AEECLSID_BTA2DPNotifier,0x01061c2d,connectivity,bluetooth
AEECLSID_STOPWATCHCTL,0x01003006,system,brewcore
AEECLSID_SECUREFILETEST,0x010727ce,security,modulemanager
AEECLSID_InterProcessCritSect,0x0105f63c,system,componentservices
AEECLSID_SharedMemPool,0x0106e428,system,componentservices
AEECLSID_RSA,0x0100101a,system,brewcore
AEECLSID_LOCALEES,0x010311f2,system,locales
AEECLSID_APPLETCTL2_SERVICE,0x0103c0ca,system,brewcore
AEECLSID_FDNDeviceTest1,0x0108a2cc,databases,icontacts
AEECLSID_ANRMASTER_SERVICE,0x0107001d,databases,icontacts
AEEIID_IDNS,0x01005006,networking,networking
AEECLSID_Env,0x0103a936,system,componentservices
AEECLSID_SCROLLINDICATORWIDGET_1,0x01028e27,ui,widgets
AEECLSID_OATSOCKPORT,0x0101f224,system,brewcore
AEECLSID_OATSHELLSTART,0x01046b6c,system,brewcore
AEECLSID_DevBitmap3Child,0x01012b5d,ui,display
AEECLSID_SOUNDPLAYER,0x01002000,system,brewcore
AEEIID_MODEL,0x0101593a,system,brewcore
AEEIID_IFota2File,0x0103fa7e,system,brewcore
AEECLSID_ListTC,0x01056609,ui,widgets
AEECLSID_FlashFontFactory,0x0108b01e,languages,flash
AEECLSID_BlockAES128SW,0x0102ccd4,system,componentservices
AEEIID_QUERYINTERFACE,0x01000001,system,brewcore
AEEIID_IMailbox0,0x0103e6a4,system,brewcore
AEECLSID_EXTRACTPKGTEST,0x01070b16,security,modulemanager
AEEIID_IOEMConfigItem,0x0103b7a3,system,brewcore
AEECLSID_BlockAES192HW,0x01039ad9,system,componentservices
AEECLSID_LOCALEESMX,0x010311f3,system,locales
AEECLSID_SAXLOCATOR,0x01002008,system,brewcore
AEEIID_IRadio,0x0106cb2a,hardware,fm
AEECLSID_SockPortService,0x01039943,system,brewcore
AEEIID_ISmartDIBCore,0x0106c53f,system,brewcore
AEECLSID_QoSFlow,0x0102b6cb,networking,networking
AEEIID_CALLSTATE,0x0103b40b,apps,softkeyappsuite
AEEIID_IOEMBCMCSDB,0x01039e79,system,brewcore
AEEIID_ISingleton,0x0101ed1f,system,componentservices
AEECLSID_JPEGDECODER_BREW,0x0102fd92,deprecated,headers
AEECLSID_OATMediaAMRWB,0x0108aabe,media,multimedia
AEECLSID_DATEFORMATACTOR,0x0103b52e,apps,softkeyappsuite
AEEIID_EGLSURFACEMANIP,0x01051834,system,brewcore
AEECLSID_MemRemoteModem,0x0106e278,system,componentservices
AEECLSID_OATVCALSTOREPLAPPUSER,0x010903f5,databases,vcard
AEEIID_IBTAVRCPTarget,0x01062249,connectivity,bluetooth
AEECLSID_UTFlashLite,0x0108903e,languages,flashlite
AEEIID_IResFileMapCollector,0x01088cd0,apps,mam
AEEIID_ITouchscreenInjector,0x0108f6df,hardware,touchscreen
AEECLSID_ACMClient,0x0108a7e7,system,concurrency
AEEIID_ALARMMGR,0x0102fefd,system,brewcore
AEECLSID_MODENUMERATIONTEST,0x01079a08,security,modulemanager
AEECLSID_Port1DirEnum,0x01058096,system,componentservices
AEECLSID_OATFORMATLOG,0x0104422e,deprecated,isqldbcshim
AEECLSID_GatewayQ6Opener,0x0106e6a9,system,componentservices
AEECLSID_Port1Sensor,0x0104192d,hardware,sensors
AEECLSID_BTILDELEGATOR,0x22222222,languages,trigplayer
AEEIID_IDirectMode,0x0103fa30,ui,widgets
AEEIID_BITMAPROT,0x0103e8d9,ui,display
AEECLSID_LuaToVfsActor,0x01087f97,apps,mam
AEEIID_ILuaDebug,0x0106edaa,languages,lua
AEECLSID_BTImagePullResponder,0x01073574,connectivity,bluetooth
AEECLSID_OATMEMCHKAPP,0x01075bed,system,brewcore
AEECLSID_TITLEWIDGET_1,0x01028e30,ui,widgets
AEECLSID_SAXATTRIBUTES,0x01002007,system,brewcore
AEECLSID_OEMFilePort,0x0102074c,system,componentservices
AEEIID_TRIG,0x01032377,languages,trigplayer
AEECLSID_Position,0x0106fa21,system,brewcore
AEECLSID_STILLCAMERAACTOR,0x01035935,apps,softkeyappsuite
AEEIID_IApartment,0x01030912,system,componentservices
AEECLSID_OATUMTSAPPUSER,0x010757a4,system,brewcore
AEECLSID_PROTESTEXTENSION,0x0102fd27,languages,trigplayer
AEECLSID_SIMPLEIOECHOTEST,0x00e52e9a,tools,multi-platform-samplecode
AEECLSID_DISP2,0x01006002,system,brewcore
AEEIID_IOEMFileSystem,0x01020763,system,componentservices
AEEIID_IBNEng,0x0103a3f1,system,componentservices
AEECLSID_JPEG,0x01004005,system,brewcore
AEEIID_IFlashFrameBuffer,0x0107a15c,languages,flash
AEEIID_IContentPreview0,0x01071125,media,contentdrm
AEECLSID_OEMMTPD,0x01034fa4,system,brewcore
AEEIID_USHELL,0x0103cea4,system,brewcore
AEEIID_CONFIGFILE,0x01040d04,deprecated,isqldbcshim
AEECLSID_OEMTABTC,0x01057d6a,ui,widgets
AEECLSID_VFSBYTE,0x0102e0f6,languages,trigplayer
AEECLSID_LocaleMS,0x010311e7,system,locales
AEECLSID_DISPLAY_NULL,0x01013b73,ui,display
AEECLSID_SettingsNotifier,0x0107983a,system,settings
AEECLSID_OATACT,0x01027068,system,brewcore
AEECLSID_OATCALLHISTORYAPP,0x01075423,deprecated,callhistoryshim
AEECLSID_FileHogger,0x01078f06,system,brewcore
AEECLSID_UIMDBERRBASE,0x010420bb,databases,icontacts
AEECLSID_MediaSVG,0x01005520,media,multimedia
AEECLSID_OATACM,0x010754a7,system,concurrency
AEECLSID_CIPHERMODE_CTR,0x0102ccdc,deprecated,legacybrewcrypto
AEECLSID_LocaleML,0x0103a1e9,system,locales
AEECLSID_X509CHAIN,0x01001031,system,brewcore
AEECLSID_PubKeyEngRSASW,0x01034505,system,componentservices
AEEIID_IValueModel,0x0101593b,ui,widgets
AEECLSID_ScaleWidget,0x0104448f,ui,widgets
AEECLSID_LocaleCS,0x010311dd,system,locales
AEEIID_IUSBEndpointPort1,0x01063178,hardware,usbdevice
AEECLSID_Apartment,0x01034d52,system,componentservices
AEEIID_ICipher1,0x0102cce3,system,componentservices
AEECLSID_LocaleCA,0x010311db,system,locales
AEECLSID_QCSansBoldTTF,0x0103fb4c,ui,fonts
AEECLSID_STARTUPRIGHTSINSTALLER,0x0104c7a8,media,contentdrm
AEECLSID_CONTACTSDISPLAYLOGICACTOR,0x01032797,apps,softkeyappsuite
AEECLSID_MODCOLLECTORTEST,0x01072088,security,modulemanager
AEECLSID_DEVICEPACK,0x01038c46,tools,simulator
AEECLSID_ENH_LAST,0x01002019,system,brewcore
AEECLSID_FileSystem2Impl,0x01053a1c,system,componentservices
AEEIID_IMcastSession,0x01031dfc,networking,networking
AEEIID_IPathMap,0x0107e8c6,system,componentservices
AEECLSID_OATAPPSTART,0x0105c51a,system,brewcore
AEEIID_IOBEXCli,0x01053c89,connectivity,bluetooth
AEECLSID_OATPERFCPROTO,0x0107b7a1,system,brewcore
AEECLSID_MEDIAXMF,0x01005512,system,brewcore
AEECLSID_OATSSLApp,0x0107deb6,security,ssl
AEECLSID_LocaleUR,0x0103a1eb,system,locales
AEECLSID_BTCNXNSINGLETONSERVICE,0x01072fca,apps,softkeyappsuite
AEECLSID_MannerMode,0x01062e35,system,brewcore
AEEIID_IStressMemory,0x01078f09,system,brewcore
AEECLSID_WidgetsMod,0x010551ec,ui,widgets
AEECLSID_PROGRESSWIDGET,0x01054a94,ui,widgets
AEECLSID_OATSMSAPP,0x01046a71,telephony,sms
AEECLSID_NET_10,0x01001005,system,brewcore
AEECLSID_TouchObserver,0x0106dfa2,ui,widgets
AEECLSID_OATAPPPIMMESSAGESTOREINT_USER,0x0108d906,databases,pim
AEECLSID_COUNTDOWNCTL,0x01003008,system,brewcore
AEECLSID_OATFormatLog,0x0104422e,testframeworks,uitf
AEECLSID_SettingsHeapFactory,0x0106de24,system,settings
AEECLSID_OATPRIMARYQOSSESSIONAPP,0x01075686,system,brewcore
AEEIID_SQLSTMT,0x0103abcd,deprecated,isqldbcshim
AEEIID_IIntController,0x0102889d,system,componentservices
AEECLSID_CONTENTHANDLERSREGISTERAPP,0x010456bc,media,contentdrm
AEEIID_VIDEOPHONEFRAMEMODEL,0x0104b985,apps,softkeyappsuite
AEEIID_IAppLog,0x0107b585,system,brewcore
AEECLSID_DIB,0x01001045,system,brewcore
AEECLSID_OPERATINGMODEMODEL,0x01034a43,apps,mam
AEEIID_IBitmapInit,0x0106edeb,ui,display
AEECLSID_SHELL,0x01001000,system,brewcore
AEECLSID_OATAPPCTLNOPLUSER,0x0103f20b,system,brewcore
AEECLSID_Process,0x01023621,system,componentservices
AEECLSID_SOFTKEYCTL_10,0x01003001,system,brewcore
AEECLSID_USBDIAGService,0x0108b245,hardware,usbdevice
AEECLSID_QOSSESSION,0x0102b6c9,deprecated,headers
AEECLSID_MOBILEID,0x01001040,system,brewcore
AEECLSID_SAMPLEFONT,0x010110db,system,brewcore
AEECLSID_CoLoadDynModService,0x0104178c,system,componentservices
AEECLSID_SettingsReg,0x0106fd5b,system,settings
AEECLSID_ASETestFramework,0x0108c9a9,languages,flashlite
AEECLSID_DBMGR,0x01001008,system,brewcore
AEECLSID_PubKeyRSASW,0x01034504,system,componentservices
AEECLSID_VCALTESTAPP,0x77aa9911,apps,softkeyappsuite
AEECLSID_RSCPOOL,0x01001016,system,brewcore
AEECLSID_TextWidget,0x010551e6,ui,widgets
AEECLSID_TABTC,0x0105660d,ui,widgets
AEECLSID_OATGPSONELOCK,0x0108759a,hardware,gps
AEECLSID_LICENSE,0x0100100f,system,brewcore
AEECLSID_KEYGUARDHANDLER,0x0106ce9f,apps,softkeyappsuite
AEECLSID_OATLOG,0x010138b9,system,brewcore
AEEIID_IPubKeyUtil,0x0103450b,system,componentservices
AEECLSID_CALLTIMERHANDLER,0x0106ed79,apps,softkeyappsuite
AEECLSID_OATUSBDRIVERBTILXTN,0x01045876,deprecated,usbdriver
AEECLSID_OATSERVINGNETWORKS,0x0105bc10,system,brewcore
AEECLSID_DISPLAY,0x01001001,system,brewcore
AEECLSID_UIMDBGRP,0x01070016,databases,icontacts
AEECLSID_LISTBOX,0x0100301f,system,brewcore
AEECLSID_MemShareGrpSMI,0x01059368,system,componentservices
AEEIID_IBTCnxnSingleton,0x01072fcc,apps,softkeyappsuite
AEECLSID_BTRemoteDisplayInitiator,0x01073579,connectivity,bluetooth
AEEIID_IModCollector,0x01071c18,security,modulemanager
AEECLSID_LOCALEDA,0x010311de,system,locales
AEECLSID_DIALOGFORM,0x01028e40,ui,widgets
AEECLSID_APPCONTEXT,0x0103b1a0,system,brewcore
AEECLSID_HMACMD2Ctx,0x0100104d,system,componentservices
AEEIID_APPLETCTL2,0x0103c0cb,system,brewcore
AEECLSID_MODJOURNALTEST,0x0107578b,security,modulemanager
AEECLSID_BlockSeedHW,0x0102d181,system,componentservices
AEEIID_IBTBPPSender,0x0106f415,connectivity,bluetooth
AEEIID_EGLGETPOWERLEVEL,0x0103d8f0,system,brewcore
AEECLSID_OATPERFMEMORY_KERNEL,0x01075a4e,system,brewcore
AEEIID_IDisplayCanvas,0x0101e443,ui,widgets
AEECLSID_SQL,0x0102c4e9,deprecated,isqldbcshim
AEECLSID_NUMMATCH,0x01062606,apps,softkeyappsuite
AEECLSID_TRIGAPPLET_UNITTESTCTL,0x01037ee0,languages,platformactors
AEEIID_IACMClient,0x0108aa93,system,concurrency
AEECLSID_OATACLG1,0x01023958,system,brewcore
AEECLSID_C_ROTATIONAPP,0x0031c7df,tools,multi-platform-samplecode
AEECLSID_OATACLG3,0x010247b1,system,brewcore
AEECLSID_OATACLG2,0x010242dc,system,brewcore
AEECLSID_OATACLG5,0x010247b3,system,brewcore
AEECLSID_FONT_BASIC11B,0x0100a006,system,brewcore
AEECLSID_OATACLG7,0x010247b5,system,brewcore
AEECLSID_OATACLG6,0x010247b4,system,brewcore
AEECLSID_OATACLG9,0x010247b7,system,brewcore
AEECLSID_OATACLG8,0x010247b6,system,brewcore
AEECLSID_HMACMD5Ctx_SIZE,0x0000009c,system,componentservices
AEEIID_IAddrInfoCache,0x01037ae6,networking,networking
AEECLSID_STOPWATCHACTOR,0x010389dd,apps,softkeyappsuite
AEECLSID_MENUMODEL_1,0x01028e1f,ui,widgets
AEEIID_IDownSample,0x01091cfb,media,imagedecoders
AEECLSID_GWRegSingleton,0x01046586,system,componentservices
AEECLSID_SettingsTestApp,0x0106f90b,system,settings
AEECLSID_VIEW_LAST,0x01004007,system,brewcore
AEEIID_IDNSOptions,0x01045a92,networking,networking
AEEIID_IHeapBlock,0x0106ebf8,system,componentservices
AEECLSID_FRAMEWIDGET,0x01035392,ui,widgets
AEEIID_ICanvas,0x0101e3f2,ui,widgets
AEECLSID_LocaleHR,0x01031428,system,locales
AEECLSID_DRAWDECORATORWIDGET,0x010551c9,ui,widgets
AEECLSID_MCASTSESSION2,0x0106d751,system,brewcore
AEEIID_IAppFrameWidget,0x01045503,ui,display
AEECLSID_LOCALEFI,0x010311e0,system,locales
AEECLSID_GenericViewer,0x0101e7c3,media,imagedecoders
AEECLSID_SEED_DECRYPT,0x01001048,system,brewcore
AEECLSID_SHA512,0x0102a50c,deprecated,legacybrewcrypto
AEECLSID_NET,0x0100102e,system,brewcore
AEECLSID_STREAM_SOBER_SW,0x0102d183,deprecated,legacybrewcrypto
AEECLSID_OATQOSBUNDLEAPP,0x0107567a,system,brewcore
AEECLSID_OATADDRINFOAPP_USER,0x01079191,system,brewcore
AEECLSID_PUBKEYTEST,0x01034508,system,componentservices
AEEIID_INetCritSect,0x0103b720,system,brewcore
AEECLSID_ROADWARRIOR,0x01010133,tools,communication
AEECLSID_OATNETWORKUT,0x0108a4f5,system,brewcore
AEEIID_RESFILE_1,0x01022738,ui,widgets
AEECLSID_OATIHID,0x0106c7d8,hardware,hid
AEECLSID_DATECTL,0x01003005,system,brewcore
AEECLSID_CertBag,0x0103864b,system,componentservices
AEEIID_IFSGlobal,0x01074d40,system,componentservices
AEECLSID_USHELL,0x0103cea3,system,brewcore
AEEIID_IMemGroup,0x0106d7bb,system,componentservices
AEECLSID_Transition2_Fader,0x0106f266,ui,widgets
AEECLSID_PopupMenuFormScroll,0x01028e4d,ui,widgets
AEECLSID_PHONESTATEACTOR,0x01030ef4,apps,mam
AEEIID_PROPCONTAINER_1,0x0101b555,ui,widgets
AEECLSID_LocalePL,0x010311e9,system,locales
AEEIID_IPropContainer,0x0102fe2e,ui,widgets
AEECLSID_MediaFrameModel,0x01035897,ui,widgets
AEECLSID_LocalePT,0x010311ea,system,locales
AEEIID_IHTMLViewModel,0x0102d691,ui,widgets
AEECLSID_TEXTEDITACTOR,0x010608b3,apps,softkeyappsuite
AEECLSID_OATWIFIAPP,0x01075553,connectivity,wlan
AEECLSID_BTMgr,0x0105aa4d,connectivity,bluetooth
AEECLSID_OATvCalStorePL,0x01065048,databases,vcard
AEECLSID_CSCMANAGERTEST,0x01031764,system,componentservices
AEECLSID_VIEWPORTWIDGET_1,0x01028e36,ui,widgets
AEECLSID_OEMTouchObserver,0x0108e4fd,ui,widgets
AEECLSID_SEED_ENCRYPT,0x01001047,system,brewcore
AEECLSID_IMAGESTATICWIDGET,0x01054a8e,ui,widgets
AEECLSID_ScrollIndicatorWidget,0x010551dd,ui,widgets
AEECLSID_BN,0x0101299e,system,componentservices
AEECLSID_AddrInfoTest,0x0103ece7,system,brewcore
AEECLSID_BT,0x0103d8e8,connectivity,bluetooth
AEECLSID_OATAPPCTLPLUSER,0x0103f20a,system,brewcore
AEECLSID_MemPoolServiceEBI1,0x0106e42f,system,componentservices
AEECLSID_BA3,0x010358a7,system,brewcore
AEEIID_ILocalStorage,0x0102fa3e,system,componentservices
AEECLSID_CTGMODCOLLECTORINTERNAL,0x0108849b,security,modulemanager
AEECLSID_BlockAES256HW,0x01039ad6,system,componentservices
AEECLSID_BTBPPRefObjectServer,0x010700b9,connectivity,bluetooth
AEECLSID_OATLISTENER,0x01044a6d,system,brewcore
AEEIID_IWindowWidget1,0x01074e8f,ui,wm
AEECLSID_TestFramework,0x010421e8,testframeworks,uitf
AEECLSID_OATAPPCTL,0x01034563,system,brewcore
AEECLSID_OEMCheckTC,0x01057d61,ui,widgets
AEECLSID_VECTORMODEL,0x010551ea,ui,widgets
AEEIID_IWindowHistory,0x0108a7ab,ui,wm
AEECLSID_OEMCONTAINERTC,0x01057d62,ui,widgets
AEECLSID_PHONE,0x0100100e,system,brewcore
AEECLSID_OATCAMERAAPP,0x01075424,hardware,camera
AEECLSID_OATKEY,0x01010015,system,brewcore
AEECLSID_WMInterfaceMap,0x01073d62,ui,wm
AEEIID_IHeap1Debugger,0x0107894e,system,componentservices
AEECLSID_OATDispDev,0x0107534b,system,brewcore
AEEIID_IGallery,0x01063408,databases,gallery
AEEIID_VFS_SCRIPT_LUA_DBG,0x0107226c,languages,trigplayer
AEECLSID_SCROLLINDICATORWIDGET,0x010551dd,ui,widgets
AEECLSID_OATTELEPHONEAPP,0x01075563,telephony,tapi
AEECLSID_LOGGER_SERIAL,0x0100200f,system,brewcore
AEECLSID_OATTAPI,0x0101000e,system,brewcore
AEECLSID_MenuModel,0x010551cf,ui,widgets
AEECLSID_PREVIEWACTORCONTAINER,0x01071821,apps,softkeyappsuite
AEECLSID_CARETWIDGET,0x01028e0a,ui,widgets
AEECLSID_NUMMATCHACTOR,0x01031e5a,apps,softkeyappsuite
AEECLSID_TOPVISIBLECTL,0x0101e530,deprecated,headers
AEECLSID_ModInstallerTest_EvilFileSystem,0x01088ff4,security,modulemanager
AEEIID_IBitmapInit1,0x010747dd,ui,display
AEEIID_IkMailPoolBufOnly,0x0106e269,system,componentservices
AEECLSID_OATNETMGRAPP,0x01075693,system,brewcore
AEECLSID_LiveWidget,0x01088e02,apps,mam
AEECLSID_HMAC_MD5,0x01001049,system,brewcore
AEECLSID_OEMDeviceKeyStore,0x0103a946,system,brewcore
AEECLSID_DATEWIDGET,0x01054a8c,ui,widgets
AEECLSID_OATMEDIAVIDEO,0x0101001d,media,multimedia
AEECLSID_BlockSeed,0x0102d17f,system,componentservices
AEEIID_IBearerTechnology,0x01046312,networking,networking
AEECLSID_SIMULATORDISPLAY1,0x01038cc7,tools,simulator
AEECLSID_CARDCONTAINER_1,0x01028e09,ui,widgets
AEEIID_ITransitionMgr,0x0106f262,ui,widgets
AEECLSID_STABAPP,0x010757ab,system,brewcore
AEECLSID_WINSIOHELPER,0x01046771,system,componentservices
AEECLSID_XMLLOG,0x010416a2,deprecated,isqldbcshim
AEEIID_APPCONTEXT,0x0103b19f,system,brewcore
AEEIID_VFS_INTEGER_DATA,0x0102e0f1,languages,trigplayer
AEECLSID_PNGDecoderBREW,0x01030766,media,imagedecoders
AEECLSID_MemShareGrpEBI1,0x01059369,system,componentservices
AEECLSID_ASEXTEVENTNOTIFIER,0x010892ce,languages,flash
AEECLSID_REFERENCEAPP,0x010714da,apps,mam
AEECLSID_TOUCHOBSERVER,0x0106dfa2,ui,widgets
AEECLSID_MediaWMARaw,0x0108d5f5,system,brewcore
AEECLSID_SIMULATORDISPLAY4,0x01038cca,tools,simulator
AEECLSID_MEDIAPCM,0x01005511,system,brewcore
AEECLSID_SimpleIOEchoTest,0x01046f25,system,componentservices
AEEIID_IDIBDisplayDev,0x0103990e,ui,display
AEECLSID_ProgressDialog,0x01028e41,ui,widgets
AEECLSID_BlockAES256,0x01039ad3,system,componentservices
AEECLSID_ModInstallerTest,0x01079734,security,modulemanager
AEECLSID_Mp3ParserMetaData,0x01044ad2,media,contentdrm
AEECLSID_LocaleZHTW,0x0103a1e4,system,locales
AEEIID_PERFORMANCETIMER,0x01040a96,deprecated,isqldbcshim
AEECLSID_QCSansTTF,0x0103fb4b,ui,fonts
AEECLSID_USBDevice,0x01063174,hardware,usbdevice
AEECLSID_OATBTEXTCLIENTAPP,0x0107c8f9,connectivity,bluetooth
AEEIID_IDIB,0x01001045,ui,display
AEECLSID_Mp3ParserContentPreview,0x01074787,media,contentdrm
AEECLSID_JULIANDATEWIDGET_1,0x01031364,ui,widgets
AEECLSID_OATUSBDRIVERHELPER,0x010467ba,deprecated,usbdriver
AEECLSID_CHANNELSERVICE,0x0102ff41,languages,trigplayer
AEECLSID_CodeSigConfigFactory,0x0106ecaf,system,componentservices
AEECLSID_MemRemoteDSP,0x0106e277,system,componentservices
AEECLSID_MOTICOM_HEADER_FONT,0x01032503,apps,mam
AEECLSID_CARDAPP,0x01080304,apps,softkeyappsuite
AEECLSID_OATBCMCSDBAPP_USER,0x01079530,system,brewcore
AEECLSID_RADIOTC,0x01056619,ui,widgets
AEECLSID_FSJournalTest_K,0x01077c57,security,modulemanager
AEECLSID_OATFILE,0x01010006,system,brewcore
AEECLSID_OEMRootTC,0x010710a0,ui,widgets
AEECLSID_TEXTFORMATTER,0x010551e3,system,locales
AEECLSID_OATDNSAPP_USER,0x010788ac,system,brewcore
AEECLSID_OATPRIMQOSSIM,0x0104681d,system,brewcore
AEEIID_IFilePort,0x0101a114,system,componentservices
AEEIID_IRootForm,0x01013604,ui,widgets
AEECLSID_OATFIFO02,0x010546b0,system,brewcore
AEECLSID_vCalStore,0x0105b731,databases,vcard
AEEIID_IWidget,0x01015952,ui,widgets
AEEIID_BITMAPDEV,0x01012719,ui,display
AEECLSID_SettingsBasicTestApp,0x01079ae2,system,settings
AEEIID_IWindowSys0,0x0103e1bd,system,brewcore
AEECLSID_OATQOSFLOW,0x01234575,system,brewcore
AEECLSID_SOUND_10,0x0100100b,system,brewcore
AEEIID_REMOTEOPENER,0x0102acbc,system,componentservices
AEEIID_SERVERHANDLER,0x0102c459,system,componentservices
AEECLSID_TransitionMgr,0x0106f263,ui,widgets
AEECLSID_MEMGROUPSERVICE,0x01028e90,system,componentservices
AEECLSID_WMInterfaceMapService,0x01073d63,ui,wm
AEECLSID_PROVISION,0x0100101d,system,brewcore
AEECLSID_JPEG_RGB_MAIN_IQI,0x01074f5f,system,concurrency
AEECLSID_OATMCASTBUNDLE,0x0106df5e,system,brewcore
AEECLSID_ZStream,0x010332a8,media,imagedecoders
AEECLSID_CORELAYEREVENTHANDLER,0x01042e58,languages,trigplayer
AEECLSID_OATFIFO022,0x010546c5,system,brewcore
AEECLSID_OATFIFO023,0x010546c6,system,brewcore
AEECLSID_OATPERFKDDI_KERNEL,0x0107c31d,system,brewcore
AEECLSID_MODMOVERTEST_EVILFILESYSTEM,0x010882d1,security,modulemanager
AEECLSID_OATCipherAppUser,0x0107deb1,deprecated,legacybrewcrypto
AEECLSID_OATMCASTBUNDLEAPP,0x0107569b,system,brewcore
AEECLSID_MEMSHARESERVICE,0x01028e90,system,componentservices
AEEIID_MEMORYMONITOR,0x01088eef,testframeworks,uitf
AEECLSID_SmartDIB_32_666,0x01015029,ui,display
AEECLSID_DisplayDev3,0x0101261b,ui,display
AEECLSID_DisplayDev1,0x01012610,ui,display
AEECLSID_APPHISTORY2,0x0103b17b,system,brewcore
AEECLSID_BITMAPWIDGET,0x01054a86,ui,widgets
AEEIID_IUSBDeviceOpener,0x01071008,hardware,usbdevice
AEECLSID_LocaleLV,0x010311e5,system,locales
AEECLSID_LocaleLT,0x010311e6,system,locales
AEECLSID_CALCMODEL,0x0101ec01,apps,softkeyappsuite
AEECLSID_PRIV,0x01000000,system,brewcore
AEECLSID_LOGGER_WIN,0x01002011,system,brewcore
AEECLSID_CARDAPPTOOLKITACTOR,0x0106f83b,apps,softkeyappsuite
AEECLSID_Clipboard,0x01001020,system,brewcore
AEECLSID_BTImagePushInitiator,0x01073572,connectivity,bluetooth
AEECLSID_vCard,0x0102ca7b,databases,vcard
AEECLSID_OEMRADIOTC,0x01057d66,ui,widgets
AEEIID_ILua,0x0106eda6,languages,lua
AEECLSID_BTILPORTDIAG,0x010754a4,deprecated,btil
AEEIID_ITextLayout,0x0103bd09,ui,widgets
AEECLSID_OATModManagerAppUser,0x010878e5,security,modulemanager
AEECLSID_ViewportWidget,0x010551eb,ui,widgets
AEECLSID_FSLOCK,0x0103dc05,system,componentservices
AEECLSID_DisplayWidget,0x0103f105,ui,widgets
AEECLSID_LOCALEUK,0x010311f7,system,locales
AEECLSID_UTFlashAppletFactory,0x01086c2b,languages,flash
AEECLSID_MCASTSESSION,0x01031b66,deprecated,headers
AEECLSID_LOCKED_CONTENT_ACCESS,0x0102e82d,system,brewcore
AEEIID_ISysTimer,0x01028c20,system,componentservices
AEECLSID_ModPathInfo,0x01070e6f,system,componentservices
AEECLSID_QVGA_DIALER_FONT,0x0107342b,apps,mam
AEECLSID_HMACSHA512Ctx,0x0102a512,system,componentservices
AEECLSID_OATAPPPIMCALLHISTORYINT,0x0108d902,databases,pim
AEECLSID_QoSSessionService,0x0103bc95,system,brewcore
AEEIID_ISettingsNotifier,0x01079839,system,settings
AEEIID_IxOpts,0x0102c269,system,componentservices
AEECLSID_BTILSTREAM,0x0101e690,tools,communication
AEECLSID_IUIMDBFDNTest,0xdeadc01d,databases,icontacts
AEEIID_ICharsetConv,0x01044104,system,brewcore
AEECLSID_BlockDES,0x0102ccca,system,componentservices
AEECLSID_OATRSCPOOL,0x010432e2,system,brewcore
AEECLSID_OATAPPKEYSCONFIG,0x010777e0,hardware,keysmapping
AEEIID_IMemCache1,0x0106e2e0,system,componentservices
AEECLSID_LCDSettingsStore,0x01087803,system,brewcore
AEECLSID_OATDNS2,0x01054b4d,system,brewcore
AEECLSID_GWTESTAPP_DSP,0x0106c4ee,system,componentservices
AEECLSID_OATKEYSCONFIG,0x01077614,hardware,keysmapping
AEECLSID_OATCONTENTTHUMBNAILAPP_KERNEL,0x0107ecd5,media,contentdrm
AEECLSID_PDPSETTINGSTEST,0x01070cab,system,brewcore
AEEIID_ILicenseSystem,0x0107db18,system,brewcore
AEEIID_IContentThumbnail0,0x01071753,media,contentdrm
AEEIID_IWMTransitionEngine,0x0108c38d,ui,wm
AEEIID_IModCtl,0x0103bd14,system,componentservices
AEECLSID_ImageWidget,0x01054a8f,ui,widgets
AEECLSID_OATPERFMISC_KERNEL,0x0107b7a3,system,brewcore
AEECLSID_QCSANSTTFVERSION,0x0105a1f8,ui,fonts
AEECLSID_ModInstallerTest_Internal,0x01087a39,security,modulemanager
AEEIID_IFLIP,0x01030214,hardware,formfactor
AEEIID_IMailSlot0,0x0103e6a2,system,brewcore
AEEIID_IBitmapDisplay,0x010747dc,ui,display
AEECLSID_MemShareGrpHWIO,0x0106c055,system,componentservices
AEECLSID_OATACLG11,0x01045366,system,brewcore
AEECLSID_OATACLG10,0x010247b8,system,brewcore
AEECLSID_Mod1ModLoader,0x0103bd1b,system,componentservices
AEECLSID_OATFSAPPUSER,0x01075781,system,brewcore
AEECLSID_SignalCBFactory,0x01041207,system,componentservices
AEECLSID_DAYSELECTACTOR,0x01042878,apps,softkeyappsuite
AEECLSID_RadioTC,0x01056619,ui,widgets
AEEIID_IMediaAudio3D,0x01042c46,media,multimedia
AEECLSID_PadCipher,0x0102ccdd,system,componentservices
AEECLSID_MediaEVRCWB,0x0105f3aa,media,multimedia
AEEIID_IBTImagePrintInitiator,0x0107251e,connectivity,bluetooth
AEECLSID_ProcessLaunchMonitorService,0x01074dff,system,componentservices
AEECLSID_OATPERFSHELL_USER,0x01075a50,system,brewcore
AEECLSID_OATCARD,0x01012b80,system,brewcore
AEECLSID_ENCODING_USASCII,0x01004102,system,brewcore
AEECLSID_HTMLWidget,0x0102dd32,ui,widgets
AEECLSID_OATCONTENTMETADATA,0x01074f4a,media,contentdrm
AEECLSID_LocaleBG,0x010311da,system,locales
AEECLSID_APPMGR,0x0106d4dd,apps,mam
AEECLSID_BCMCSDBTest,0x0103ece8,system,brewcore
AEECLSID_USBCompositor_Diag,0x0108cb91,hardware,usbdevice
AEECLSID_OATBCMCSDBAPP,0x010753dd,system,brewcore
AEECLSID_MediaPCM1,0x01040046,media,multimedia
AEECLSID_SQLUTIL,0x01035501,deprecated,isqldbcshim
AEECLSID_DOWNLOAD,0x01000000,system,brewcore
AEECLSID_C_LOCALIZEDAPP,0x003946ef,tools,multi-platform-samplecode
AEECLSID_ModCtl,0x0103bd13,system,componentservices
AEECLSID_CursorWidget,0x01054a8b,ui,widgets
AEEIID_BTSPP,0x0104340b,connectivity,bluetooth
AEECLSID_GRIDCONTAINER_1,0x0102adc0,ui,widgets
AEECLSID_IntController,0x0105a22c,system,componentservices
AEECLSID_OATTOUCHENABLED,0x01078758,system,brewcore
AEECLSID_WinBMP,0x01004001,media,imagedecoders
AEECLSID_QFONT35,0x0107d322,apps,mam
AEECLSID_OATPERFCPROTO_USER,0x01075cec,system,brewcore
AEECLSID_Appframe,0x010737b3,apps,mam
AEECLSID_LCDSettingsService,0x01087804,system,brewcore
AEECLSID_BNBest,0x0102de96,system,componentservices
AEECLSID_OATGRAPHICSAPP,0x010756b3,system,brewcore
AEECLSID_OEMLISTTC,0x01057d65,ui,widgets
AEECLSID_INFODIALOG,0x01028e42,ui,widgets
AEECLSID_VIBEACTOR,0x0103248b,apps,softkeyappsuite
AEECLSID_CONTENTHANDLERSMEDIA,0x010455a0,media,contentdrm
AEEIID_SQL,0x0103abca,deprecated,isqldbcshim
AEECLSID_SmartDIB_8_332,0x01015026,ui,display
AEECLSID_OATMediaEVW,0x0108a96e,media,multimedia
AEECLSID_SMSTXRXDAEMON,0x0103a36d,apps,softkeyappsuite
AEECLSID_COREDAEMON,0x0101efd9,apps,softkeyappsuite
AEECLSID_ModMover,0x0104f5fc,security,modulemanager
AEECLSID_SCROLLBARWIDGET_1,0x01028e26,ui,widgets
AEECLSID_THREADPROCESSTEST,0x0103f217,system,componentservices
AEECLSID_OATMediaEVB,0x0108a96b,media,multimedia
AEECLSID_SliderWidget,0x010551de,ui,widgets
AEECLSID_ServerHost,0x0102c60d,system,componentservices
AEECLSID_DefaultMemPoolService,0x0106d9df,system,componentservices
AEECLSID_ASEObjC,0x0108c308,languages,flashlite
AEECLSID_ASEObjB,0x0108c307,languages,flashlite
AEECLSID_ASEObjA,0x0108c306,languages,flashlite
AEECLSID_ASEObjF,0x0108c30b,languages,flashlite
AEECLSID_APP,0x01010100,system,brewcore
AEECLSID_ASEObjD,0x0108c309,languages,flashlite
AEECLSID_ARM9OpenerOnDevice,0x0105e7c8,system,componentservices
AEECLSID_CERTPARSETEST,0x01038722,system,componentservices
AEECLSID_RESARBITER,0x0101e52d,system,brewcore
AEEIID_IRamCache,0x0103615f,system,brewcore
AEECLSID_ASD7,0x0103f619,system,brewcore
AEEIID_IInterfaceModel,0x0101593c,ui,widgets
AEECLSID_APPLOGEXT,0x0107587a,system,brewcore
AEEIID_VFS_STRING_DATA,0x0102e0f2,languages,trigplayer
AEECLSID_CONTENTURIBUILDERACTOR,0x0105fbcd,apps,softkeyappsuite
AEECLSID_DISPTEST,0x010342cf,system,brewcore
AEECLSID_OEMSysClock,0x010412b6,system,brewcore
AEECLSID_HostSocket,0x01012d96,system,brewcore
AEECLSID_BTFETEXTLAYOUT,0x0103bda6,ui,fonts
AEECLSID_START_BUSY,0x0103bf7c,system,brewcore
AEEIID_IHeap1Op,0x0108000c,system,brewcore
AEECLSID_vCalendar,0x0102ca80,databases,vcard
AEECLSID_OATVCALSTOREPLAPP,0x01081396,databases,vcard
AEEIID_KSHELL,0x0103cea7,system,brewcore
AEECLSID_CALLMODEINFOACTOR,0x0106e6a8,apps,softkeyappsuite
AEECLSID_OATGROUPID_READ_ACCESS,0x01062d20,system,brewcore
AEECLSID_HTMLWIDGET,0x0102dd32,ui,widgets
AEECLSID_SCREENSHOT,0x0104202e,deprecated,isqldbcshim
AEECLSID_OEMNetDebugSet,0x0103b3ce,system,brewcore
AEECLSID_MemGroupService,0x0106d7c3,system,componentservices
AEECLSID_JPEG_RGB666_THUMB,0x0103bbf2,system,concurrency
AEEIID_IModImage,0x0103bd19,languages,lua
AEECLSID_DUMMYDNSSERVER,0x01089de8,system,brewcore
AEECLSID_OATHashApp,0x0107deb2,deprecated,legacybrewcrypto
AEEIID_IIniFile,0x0105b898,system,settings
AEEIID_NETWORK,0x01035f45,deprecated,headers
AEECLSID_OEMBRIDGE,0x01006103,system,brewcore
AEECLSID_FIFO,0x01001046,system,brewcore
AEEIID_IOBEXAuthentication,0x01070e84,connectivity,bluetooth
AEEIID_IModPathUtil,0x0107490f,security,modulemanager
AEECLSID_CTFEFSSEARCH,0x0108d156,databases,icontacts
AEECLSID_OATQOSAWAREUNAWAREAPP_USER,0x01079c71,system,brewcore
AEECLSID_LocaleSK,0x010311f1,system,locales
AEEIID_ISignalPrio,0x0106e77f,system,componentservices
AEECLSID_FONT,0x01001022,system,brewcore
AEECLSID_SICPCLIENT,0x01041fa2,tools,communication
AEECLSID_LocaleSL,0x010311f0,system,locales
AEEIID_IContentMetaDataFactory,0x01073d35,media,contentdrm
AEECLSID_BATTHANDLER,0x01063159,apps,softkeyappsuite
AEECLSID_OATTESTAPPHIST,0x010101a2,system,brewcore
AEECLSID_EVENTTESTAPP,0x01034371,system,brewcore
AEECLSID_SQLACTORCONTAINER,0x01045207,apps,softkeyappsuite
AEECLSID_OATMediaMP3,0x010891d3,media,multimedia
AEEIID_IModel,0x0101593a,system,brewcore
AEEIID_ITrigResFileMap,0x0106c64d,languages,platformactors
AEECLSID_OATPIMMSGSTOREINT,0x0108d1f6,databases,pim
AEECLSID_BUTTONWIDGET,0x01053c8b,ui,widgets
AEECLSID_PNG,0x01004004,system,brewcore
AEECLSID_WindowHistory,0x0108a7ac,ui,wm
AEECLSID_GallerySyncNotifier,0x010496d3,databases,gallery
AEEIID_IMediaAudioEnv,0x0103fdeb,media,multimedia
AEECLSID_IMAGEWIDGET,0x01054a8f,ui,widgets
AEECLSID_AppHistory,0x0100104f,system,brewcore
AEEIID_RANDOMSERVICE,0x0102acc0,system,brewcore
AEEIID_ICertParse,0x0103937c,system,componentservices
AEECLSID_TEPTestClass,0x0108c37e,system,componentservices
AEECLSID_OATBTEXTSERVER,0x0103c353,connectivity,bluetooth
AEECLSID_OATIMMAPP,0x010756ad,system,brewcore
AEECLSID_SQLCACHESUBSET,0x010466e5,apps,softkeyappsuite
AEEIID_HSIGNAL,0x01028638,system,componentservices
AEECLSID_SettingsEnumerationTestApp,0x0107c999,system,settings
AEECLSID_SCREENCAPAPP,0x0103c0aa,tools,communication
AEECLSID_FILEWEBENG,0x010894f7,system,brewcore
AEECLSID_OATAPPCTLPL,0x01034564,system,brewcore
AEEIID_IRemoteSkel,0x010286a7,system,componentservices
AEECLSID_BTFEFONTBIDIUTIL,0x010370a6,ui,fonts
AEECLSID_TIMEWIDGET,0x010551e7,ui,widgets
AEECLSID_vDaylight,0x0105f4c5,databases,vcard
AEEIID_IAppFrame,0x01013824,ui,display
AEECLSID_LocalePTBR,0x010311eb,system,locales
AEEIID_ICodeSigConfig,0x0102c148,system,componentservices
AEECLSID_OATFSAPP,0x01013e1c,system,brewcore
AEECLSID_CTFTestEnable,0x01089a85,system,componentservices
AEECLSID_AppFrameWidget4,0x0106edea,system,brewcore
AEECLSID_AppFrameWidget3,0x0106ede9,system,brewcore
AEECLSID_AppFrameWidget2,0x0106ede8,system,brewcore
AEECLSID_AppFrameWidget1,0x0106ede7,system,brewcore
AEECLSID_PORT,0x01001018,system,brewcore
AEECLSID_OEMNetArbiter,0x01045ea4,system,brewcore
AEECLSID_LuaLegacyInterface,0x01088dfc,apps,mam
AEECLSID_DISPLAY2,0x010127d5,ui,display
AEECLSID_DISPLAY3,0x010127d6,ui,display
AEECLSID_vCalStorePrivWrapper,0x0108d762,databases,vcard
AEECLSID_DISPLAY4,0x010127d7,ui,display
AEEIID_LOCALSTORAGE,0x0102fa3e,deprecated,headers
AEECLSID_APPLETINFOACTOR,0x0106c650,apps,mam
AEEIID_ISignal,0x010285f5,system,componentservices
AEECLSID_OATRTTNODATASESSION,0x01053f31,system,brewcore
AEECLSID_USBDeviceOpener,0x01071a31,hardware,usbdevice
AEEIID_IRemoteInterface,0x0103a833,system,componentservices
AEECLSID_SliderTC,0x0105660b,ui,widgets
AEECLSID_REPEATOVER,0x0105ca04,languages,trigplayer
AEEIID_IWindowMgr,0x01074e84,ui,wm
AEECLSID_POWERUP,0x0103248e,apps,softkeyappsuite
AEEIID_IMemSpace,0x0106d7be,system,componentservices
AEECLSID_SOURCEUTIL,0x01001011,system,brewcore
AEECLSID_JulianTimeWidget,0x01054a91,ui,widgets
AEECLSID_Block3DESSW,0x0102ccd0,system,componentservices
AEECLSID_RootTC,0x01070f2a,ui,widgets
AEEIID_IQubeMailSlotFactory,0x01059e58,system,componentservices
AEEIID_IPARAMETERSRO,0x0102d13c,deprecated,headers
AEEIID_PROTEST,0x0102fe95,languages,trigplayer
AEECLSID_SIMULATOR,0x010370a3,tools,simulator
AEECLSID_PathTreeFactory,0x01094997,system,componentservices
AEECLSID_OATGLESAPP,0x010756b4,media,opengles
AEECLSID_OATAPPPIMCALLHISTORYINT_USER,0x0108d903,databases,pim
AEECLSID_PROTESTCLIENT,0x0107f008,languages,trigplayer
AEECLSID_QoSBundleService,0x0103c5ea,system,brewcore
AEECLSID_SemaphoreService,0x0106c2c4,system,componentservices
AEEIID_DISPLAYSYS,0x01033691,system,brewcore
AEECLSID_WindowSys0,0x0103e1be,system,brewcore
AEEIID_EGLOESSWAPINTERVAL,0x010426e3,system,brewcore
AEECLSID_OATWEB2,0x0101284a,networking,web
AEECLSID_OATPOINTER,0x0104ad54,hardware,touchscreen
AEECLSID_ProcessListService,0x0104491e,system,componentservices
AEECLSID_OATVCALSTORE,0x01062e26,databases,vcard
AEECLSID_OEMTEXTTC,0x01057d6b,ui,widgets
AEECLSID_ANNUNHOSTAPP,0x0108a885,apps,mam
AEECLSID_MailPool0,0x0103e4bb,system,brewcore
AEECLSID_PSTDeviceBridgeImpl,0x0108bcbe,system,componentservices
AEEIID_IBTCnxn,0x01071421,apps,softkeyappsuite
AEEIID_IBTServiceDiscovery,0x010570e0,connectivity,bluetooth
AEECLSID_AEEOEMMod,0x0107c704,system,brewcore
AEEIID_IOEMFileSystem2,0x01020763,system,componentservices
AEECLSID_OATHATDISABLE,0x010894d8,system,brewcore
AEEIID_IBitmapMem1,0x01075889,ui,display
AEEIID_IPrivSetOverride,0x0108b582,system,concurrency
AEECLSID_CALLHISTORY,0x01002019,system,brewcore
AEECLSID_PROCESSSERVICE,0x01025f36,system,componentservices
AEECLSID_MemSpaceRemoteService,0x0106d7c4,system,componentservices
AEECLSID_SCHEDULERDAEMON,0x01072851,apps,softkeyappsuite
AEECLSID_OEMQoS,0x010348ae,system,brewcore
AEECLSID_ValueModel,0x010551e9,ui,widgets
AEECLSID_STREAM_ARC4_SW,0x0102cf0e,deprecated,legacybrewcrypto
AEEIID_IBase,0x01036a7b,system,brewcore
AEECLSID_OATALARMGRAPP,0x01074f48,system,brewcore
AEECLSID_GWAgent,0x0103d9df,system,componentservices
AEECLSID_CHECKTC,0x01056605,ui,widgets
AEECLSID_WebUtilSingleton,0x01087dff,networking,web
AEECLSID_MOVE_TEST_APP_1,0x0101aaa1,system,brewcore
AEECLSID_MOVE_TEST_APP_2,0x0101aaa2,system,brewcore
AEECLSID_MemPoolServiceIMEM,0x0106e432,system,componentservices
AEECLSID_OEMSliderTC,0x01057d68,ui,widgets
AEECLSID_TELEPHONE,0x01001050,system,brewcore
AEEIID_IUIMDBEXT,0x0107002b,databases,icontacts
AEECLSID_OATMCASTAPP_USER,0x010795cc,system,brewcore
AEECLSID_OATLOGGERAPP,0x010756a6,system,brewcore
AEEIID_DISPLAYCANVAS,0x0101e443,ui,widgets
AEECLSID_MEDIAVIEWER,0x01037214,apps,softkeyappsuite
AEEIID_IMailTarget,0x0105e584,system,componentservices
AEECLSID_ResourceStatus,0x01074f52,system,concurrency
AEECLSID_DIBFACTORYTEST,0x01034759,system,brewcore
AEECLSID_MUSICPLAYER,0x01038c4a,apps,softkeyappsuite
AEECLSID_CALLSERVICESACTOR,0x0103bbd4,apps,softkeyappsuite
AEECLSID_kMailPoolService,0x0105d594,system,componentservices
AEECLSID_ALARMACTOR,0x01030b61,apps,softkeyappsuite
AEECLSID_OATIHIDAPP_KERN,0x0107e824,hardware,hid
AEEIID_DIB,0x01001045,ui,fonts
AEECLSID_DevBitmapFactory,0x01074853,ui,display
AEECLSID_ISQLMgr,0x0102c4e8,deprecated,isqldbcshim
AEEIID_IMain,0x010214bb,system,componentservices
AEECLSID_PNG_BREW,0x01030765,deprecated,headers
AEECLSID_BTPBAPClient,0x0106ebf3,connectivity,bluetooth
AEECLSID_WindowMgr,0x01074e85,ui,wm
AEECLSID_FMRDS,0x010469b8,hardware,fm
AEECLSID_BCI,0x01004006,system,brewcore
AEECLSID_MediaMMF,0x01005508,media,multimedia
AEECLSID_REFURBISHACTOR,0x010715bd,apps,mam
AEECLSID_USHELL_KERNEL,0x0103cea5,system,brewcore
AEECLSID_VectorModel,0x010551ea,ui,widgets
AEEIID_BCMCSDB,0x01036173,deprecated,headers
AEECLSID_SHA1CTX,0x0100103b,system,brewcore
AEECLSID_CTFADNDBADD1000,0x0108df6b,databases,icontacts
AEECLSID_OATDLSAPP,0x010754c0,media,multimedia
AEECLSID_OATPERFSUPPORT_02,0x0103def7,system,brewcore
AEEIID_ISignalCtl,0x01041079,system,componentservices
AEECLSID_USBDeviceOpenerSingleton,0x01071a30,hardware,usbdevice
AEECLSID_LOCALETR,0x010311f6,system,locales
AEECLSID_UIMDBANR,0x01070012,databases,icontacts
AEECLSID_OAT3DAUDIO,0x0102f638,media,multimedia
AEECLSID_RemoteOpener,0x0106e2f6,hardware,usbdevice
AEECLSID_LocaleZHCN,0x0103a1e3,system,locales
AEECLSID_LOCALETH,0x0103a1ea,system,locales
AEECLSID_BNBestEng,0x0103efe0,system,componentservices
AEECLSID_CompositeTrigAppletActor,0x01073d51,languages,platformactors
AEEIID_IvCalStore,0x0105f4ad,databases,vcard
AEECLSID_HDRRSSISTATEMODEL,0x01051078,apps,mam
AEECLSID_SignalQ,0x010285f4,system,componentservices
AEECLSID_STREAM_ARC4,0x0102ccc9,deprecated,legacybrewcrypto
AEEIID_SQLUTIL,0x0103abc9,deprecated,isqldbcshim
AEEIID_SIMULATORDISPLAY,0x01038ccc,tools,simulator
AEEIID_IContentPreviewFactory0,0x01071124,media,contentdrm
AEECLSID_CARDCONTAINER,0x010551c3,ui,widgets
AEECLSID_C_BASICEXT,0x00244187,tools,multi-platform-samplecode
AEECLSID_OEMSock,0x01034acd,system,brewcore
AEEIID_DIB_20,0x0100102c,ui,display
AEEIID_DRAWHANDLER,0x0103465d,ui,widgets
AEECLSID_NATIVENOTIFIER,0x0101ccaa,system,brewcore
AEEIID_IUSBListener,0x010943a5,hardware,usbdevice
AEECLSID_SmartDIB_16_565,0x01015028,ui,display
AEEIID_IMemShare,0x0101f4d0,system,componentservices
AEEIID_IConstraintContainer,0x0101b556,ui,widgets
AEECLSID_CACHINGRESFILE,0x0102e11e,languages,trigplayer
AEECLSID_DirEnum,0x01020717,system,componentservices
AEECLSID_OATALARMMGRPL,0x01030190,system,brewcore
AEECLSID_UTLocales,0x0103acdc,system,locales
AEECLSID_SQLVERSION,0x0105c0a4,deprecated,isqldbcshim
AEECLSID_ModInstallerTest_Clear,0x0108bdcb,security,modulemanager
AEECLSID_SERVICEMANAGER,0x0102c60e,system,componentservices
AEECLSID_QFONT25,0x0103dffb,apps,mam
AEECLSID_McastSession,0x01031b66,networking,networking
AEECLSID_USBDATAService,0x0108b244,hardware,usbdevice
AEECLSID_QFONT20,0x01044a72,apps,mam
AEECLSID_MemShareGrpIMEMService,0x010619e6,system,componentservices
AEECLSID_BTILTestApp,0x0108d543,tools,communication
AEEIID_IGWRegistry,0x010466f5,system,componentservices
AEECLSID_OATSENDSMS,0x0101974e,system,brewcore
AEECLSID_MD2Ctx,0x0100103a,system,componentservices
AEECLSID_LocaleRO,0x010311ec,system,locales
AEECLSID_BLENDWIDGET,0x01054a87,ui,widgets
AEEIID_EGLSURFACEMANIP_V1,0x010434cc,system,brewcore
AEEIID_IOEMDirEnum,0x01020719,system,componentservices
AEECLSID_MD2Ctx_SIZE,0x00000094,system,componentservices
AEECLSID_HMACSHA1Ctx,0x0100104e,system,componentservices
AEECLSID_CSKernelDebug,0x010449fa,system,componentservices
AEEIID_IModPathInfo,0x01070bc9,system,componentservices
AEECLSID_MemShare,0x0101f4d2,system,componentservices
AEECLSID_OATPERFDISPLAY_USER,0x01075a49,system,brewcore
AEEIID_ISensorUtil,0x010718bb,hardware,sensors
AEECLSID_ROOTCONTAINER_1,0x0102ec17,ui,widgets
AEEIID_MTSAFE,0x01028abe,system,componentservices
AEEIID_TRIGPLAYEREX,0x01040cb9,languages,trigplayer
AEECLSID_UTLOADLIB,0x01035c72,languages,lua
AEEIID_ICardContainer,0x01016170,ui,widgets
AEECLSID_BLENDWIDGET_1,0x01028e04,ui,widgets
AEEIID_IModInfo,0x0101f5ce,system,componentservices
AEEIID_ISmartDIBPriv,0x01095357,system,brewcore
AEECLSID_CONTACTSACTOR,0x0102f7ac,apps,softkeyappsuite
AEECLSID_OATDB,0x01010003,system,brewcore
AEEIID_IParameters,0x0102d13b,system,componentservices
AEECLSID_NEOCORE,0x1d4cc4d1,system,brewcore
AEEIID_IServiceCapabilities,0x0106edc0,apps,softkeyappsuite
AEECLSID_TabWidget,0x010551e1,ui,widgets
AEECLSID_OATTOUCHENABLEDAPP,0x01078759,system,brewcore
AEECLSID_ModInfo,0x01023634,system,componentservices
AEEIID_ILuaLib,0x0106eda8,languages,lua
AEECLSID_APPMANAGER,0x01008000,system,brewcore
AEECLSID_OATNETMEMLEAKS,0x0103dd55,system,brewcore
AEEIID_MEDIADLS,0x010301ad,media,multimedia
AEECLSID_OATSHELLAPP,0x0104555b,system,brewcore
AEECLSID_TEXTCONTROLLER_RAPID,0x01038656,apps,softkeyappsuite
AEECLSID_vToDo,0x0102ca82,databases,vcard
AEECLSID_UIMDBIAP_SERVICE,0x01070015,databases,icontacts
AEECLSID_BTImageArchiveResponder,0x01073576,connectivity,bluetooth
AEEIID_IWebReq,0x01005003,networking,web
AEEIID_PIPEFACTORY,0x0103eede,system,brewcore
AEECLSID_ctftimezoneperftest,0x010762f0,databases,timezone
AEEIID_ISignalCBFactory,0x01043541,system,componentservices
AEECLSID_JPEG_RGB888_THUMB_IQI,0x01074f66,system,concurrency
AEECLSID_Block3DESHW,0x0102ccd1,system,componentservices
AEECLSID_MSGQMAIN,0x01032692,system,componentservices
AEECLSID_OATQOSSESSIONAPP,0x0107566f,system,brewcore
AEECLSID_TIMEWIDGET_1,0x0102bad1,ui,widgets
AEECLSID_PSTDeviceBridge,0x010891a1,system,componentservices
AEECLSID_THUMBNAILACTOR,0x0106332a,apps,softkeyappsuite
AEECLSID_BlockDESSW,0x0102cccb,system,componentservices
AEECLSID_CAMERA4,0x0102c696,hardware,camera
AEECLSID_OATPERFCPU_USER,0x01075a45,system,brewcore
AEECLSID_AppletInfoLuaLib,0x0106c64f,apps,mam
AEECLSID_TESTFRAMEWORK,0x010421e8,deprecated,isqldbcshim
AEECLSID_CAMERA2,0x0102c694,hardware,camera
AEECLSID_CAMERA3,0x0102c695,hardware,camera
AEECLSID_MemRemote,0x0106dcc3,system,componentservices
AEEIID_ISettingsStoreFactory,0x0106dca8,system,settings
AEECLSID_MOVER_1,0x01028e33,ui,widgets
AEECLSID_UTForms,0x0102ed7b,ui,widgets
AEECLSID_OATADDRINFOAPP,0x01074f32,system,brewcore
AEECLSID_OATSOCKAPP,0x01075632,system,brewcore
AEEIID_DOXUTIL,0x0102e887,ui,widgets
AEECLSID_CALLSTATENOTIFIER,0x0103a4d9,apps,softkeyappsuite
AEECLSID_SUPPSVCOPTS,0x01018e2a,system,brewcore
AEECLSID_LocaleFRFR,0x010311d9,system,locales
AEECLSID_OEMSoftkeyTC,0x01057d69,ui,widgets
AEECLSID_OATSYSCLOCKSYSSETPL,0x01038d45,system,brewcore
AEECLSID_HEAP,0x01001002,system,brewcore
AEECLSID_AppsOpener,0x01061b17,system,componentservices
AEECLSID_SPDRPARSE,0x01024ccb,system,brewcore
AEECLSID_OATVOBJECTPARSERAPP,0x01081398,databases,vcard
AEECLSID_PHONEAPP,0x01031576,apps,softkeyappsuite
AEEIID_INetUtils,0x010329cf,networking,networking
AEECLSID_SHA256Ctx_SIZE,0x00000068,system,componentservices
AEECLSID_RANDOMSERVICE,0x0102acac,system,brewcore
AEECLSID_OEMConfigItem,0x0103b7a2,system,brewcore
AEECLSID_HTMLWIDGETVERSION,0x01056f2a,ui,widgets
AEEIID_IFlashPlayer,0x010796bc,languages,flash
AEECLSID_CardAppToolkit,0x0107021d,telephony,cat
AEECLSID_LOCALESK,0x010311f1,system,locales
AEECLSID_SSL_313,0x01005007,system,brewcore
AEECLSID_MediaADPCM,0x0100550a,media,multimedia
AEECLSID_CONTACTSAPPDBNOTIFIER,0x01040b29,apps,softkeyappsuite
AEECLSID_SAXREADER,0x01002005,system,brewcore
AEEIID_CIPHER,0x0102cce3,deprecated,legacybrewcrypto
AEECLSID_FMRadio,0x0102ebaa,hardware,fm
AEECLSID_PROCESSTEST,0x0102efa5,system,componentservices
AEECLSID_OATLOGGER,0x0101001a,system,brewcore
AEECLSID_NetUtilsTest,0x0103ebf2,system,brewcore
AEECLSID_ECHO_SERVER_USERMODE,0x0108beb2,system,brewcore
AEEIID_SQLMGR,0x0103abcb,deprecated,isqldbcshim
AEECLSID_OEMNet,0x01034ada,system,brewcore
AEECLSID_SERIALPORTMGR,0x01001025,system,brewcore
AEECLSID_OATVOCODERAPP,0x0107555a,media,multimedia
AEECLSID_OATHATDISABLEAPP,0x01075aaa,system,brewcore
AEECLSID_OATFS,0x01013e1b,system,brewcore
AEECLSID_CONFIGFILE,0x01040d04,deprecated,isqldbcshim
AEECLSID_BREWSettingsService,0x01074aeb,system,brewcore
AEEIID_IApplet,0x01010100,system,brewcore
AEECLSID_ModPathInfoDyn,0x01070e6d,system,componentservices
AEEIID_IBitmapDev2,0x0103f099,ui,display
AEEIID_IMailPool,0x0105e807,system,componentservices
AEECLSID_OATMediaAMR,0x0108a962,media,multimedia
AEECLSID_BTImagePullInitiator,0x01073571,connectivity,bluetooth
AEEIID_ILuaEx,0x0107f5d1,languages,lua
AEECLSID_StreamSober,0x0102d182,system,componentservices
AEECLSID_OATCTF,0x01034569,system,brewcore
AEEIID_MSGQSKEL,0x0103260f,system,componentservices
AEECLSID_OATMediaPCMApp,0x0108aaa5,media,multimedia
AEECLSID_McastBundleControl,0x0106e8eb,system,brewcore
AEEIID_HANDLER,0x01015956,ui,widgets
AEECLSID_SysNormal,0x0108c38f,apps,mam
AEEIID_IUIMCONTACTS,0x0107002d,databases,icontacts
AEECLSID_LOCALEHR,0x01031428,system,locales
AEECLSID_MemSpaceRemote,0x0106d7c2,system,componentservices
AEECLSID_SLIDERWIDGET_1,0x01028e28,ui,widgets
AEEIID_ISupportsWeakRef,0x0104709e,system,componentservices
AEECLSID_OATFIFO2,0x01012933,system,brewcore
AEECLSID_OATFIFO3,0x010162ce,system,brewcore
AEECLSID_RSCPOOLTEST,0x01036a7c,system,brewcore
AEECLSID_USBCompositor_Gateway,0x0108c048,hardware,usbdevice
AEECLSID_AppFrame2,0x01013825,ui,display
AEEIID_IRemoteSupportsWeakRef,0x0105a9c0,system,componentservices
AEECLSID_OATAPPSMS,0x01074cb0,telephony,sms
AEECLSID_SMS,0x01005009,system,brewcore
AEECLSID_SockPortTest,0x01036176,system,brewcore
AEECLSID_OATVIDEOPHONE,0x01050205,telephony,staticextensions
AEECLSID_UIMDBGAS,0x01070020,databases,icontacts
AEECLSID_HMACMD2Ctx_SIZE,0x000000d8,system,componentservices
AEECLSID_DISPLAYWIDGET,0x0103f105,ui,widgets
AEECLSID_ECHO_SERVER,0x0101f225,system,brewcore
AEECLSID_LocaleNL,0x010311df,system,locales
AEECLSID_COUNTDOWNACTOR,0x010397b8,apps,softkeyappsuite
AEECLSID_TRIGPLAYER,0x01027fc0,languages,trigplayer
AEECLSID_QoSBundle,0x01036c9c,networking,networking
AEECLSID_BREWSIGVERIFY,0x0101e521,system,componentservices
AEECLSID_LuaToFilesystem2,0x01073d59,languages,lua
AEECLSID_OATPERFFRAMEWORK,0x01073ab3,system,brewcore
AEECLSID_DIBDisplayDev4,0x01039914,ui,display
AEECLSID_SYSTIMERTEST,0x0102ce63,system,componentservices
AEEIID_ISetData,0x0102d080,ui,fonts
AEECLSID_LocaleNO,0x010311e8,system,locales
AEECLSID_OATNETMGR,0x0101001c,system,brewcore
AEECLSID_OATVCALSTORENOPLAPP,0x01081395,databases,vcard
AEECLSID_OATRUIMADDRBOOK,0x01014394,system,brewcore
AEECLSID_EMAILMASTER,0x01075fb9,databases,icontacts
AEECLSID_OATDISP2,0x01046ce7,system,brewcore
AEECLSID_OATSENSORSAPP,0x0107563b,system,brewcore
AEECLSID_SecureSysClockCached,0x01056c95,system,componentservices
AEECLSID_OATGALLERYAPP_USER,0x0107ec84,databases,gallery
AEEIID_VFS_BYTE_DATA,0x0102e0f3,languages,trigplayer
AEECLSID_OATPIMNOWRITEPRIV,0x0108d48b,databases,pim
AEECLSID_UIMDBMETA,0x0107000e,databases,icontacts
AEECLSID_CARD_NOTIFIER,0x01011b98,telephony,staticextensions
AEECLSID_SOCKET_ECHO_SERVER_USERMODE,0xdeadbeb2,system,brewcore
AEECLSID_HomeCanvasActor,0x0106c5b1,apps,mam
AEECLSID_OATNETMGRUT,0x0106b4ad,system,brewcore
AEECLSID_SettingsEnumerationTestExt,0x0107c99a,system,settings
AEEIID_IRunProgram1,0x01070f35,system,componentservices
AEEIID_ICritSect,0x0101f685,system,componentservices
AEECLSID_CIPHERTEST,0x0103a210,system,componentservices
AEECLSID_OATACLTEST,0x01023958,system,brewcore
AEEIID_IMediaAudioFX,0x01042c47,media,multimedia
AEEIID_IModInstallerCntx,0x01077525,security,modulemanager
AEECLSID_OEMShellBeep,0x01061b15,system,brewcore
AEECLSID_ButtonTC,0x01056604,ui,widgets
AEEIID_IPhysMemSpace,0x0106d7bf,system,componentservices
AEECLSID_BACKLIGHT,0x0102c46f,hardware,backlight
AEECLSID_FONTMAPMODEL_1,0x0103969a,ui,widgets
AEECLSID_OATDISP2PL,0x01046ce8,system,brewcore
AEECLSID_CNXNBKGDHANDLER,0x01071f2a,apps,softkeyappsuite
AEEIID_IBTBIPResponder,0x01072526,connectivity,bluetooth
AEECLSID_ROOTCONTAINER_1_2,0x0102ec17,ui,widgets
AEECLSID_MediaQCP1,0x01040045,media,multimedia
AEECLSID_RESFILE_1_1,0x01028e4f,ui,widgets
AEECLSID_OEMAnnunciatorControlService_Display4,0x0106334c,system,brewcore
AEECLSID_BGAPP,0x01051730,system,brewcore
AEECLSID_OEMAnnunciatorControlService_Display1,0x01063349,system,brewcore
AEECLSID_OATTEXTAPPUSER,0x010757a1,deprecated,control
AEECLSID_OEMAnnunciatorControlService_Display3,0x0106334b,system,brewcore
AEECLSID_OEMAnnunciatorControlService_Display2,0x0106334a,system,brewcore
AEECLSID_ASTREAM,0x0100102f,system,brewcore
AEECLSID_OATFORMFACTORAPP,0x010756ba,system,brewcore
AEECLSID_CLOCKCTL,0x01003007,system,brewcore
AEECLSID_OATMediaEVWApp,0x0108a96d,media,multimedia
AEECLSID_THREADTEST,0x0102c8f3,system,componentservices
AEECLSID_OATGRAPHICS,0x01030572,system,brewcore
AEECLSID_ROTATEWIDGET,0x0104577f,ui,widgets
AEECLSID_OATMediaPMDApp,0x0108aa98,media,multimedia
AEECLSID_ENCODE,0x01004300,system,brewcore
AEECLSID_IMAGEACTORCONTAINER,0x0103c399,apps,softkeyappsuite
AEECLSID_FontMapModel,0x010551cb,ui,widgets
AEECLSID_VIEWAPP,0x0100103f,system,brewcore
AEECLSID_dodoLocale,0x0108b2c9,databases,dbc
AEECLSID_PSTDiagHandler,0x0108bcc1,system,componentservices
AEEIID_IFontFactory,0x0108b01f,languages,flash
AEECLSID_OATFIFOAPP,0x01075538,system,brewcore
AEECLSID_QEGL,0x0103d8ec,system,brewcore
AEECLSID_OATMediaSMAF,0x0108aabb,media,multimedia
AEECLSID_OATIRESOURCESTATUS,0x01071a14,system,concurrency
AEECLSID_ALSTESTAPP,0x01038a10,system,brewcore
AEECLSID_SHA384Ctx,0x0102a793,system,componentservices
AEECLSID_OATIMUIAPP,0x010756aa,system,brewcore
AEECLSID_OATMEDIASVGAPP,0x01075697,media,multimedia
AEECLSID_OATAPPPIMMESSAGESTOREINT,0x0108d908,databases,pim
AEECLSID_VolumeDBTest,0x010729db,security,modulemanager
AEECLSID_DisplayDev2,0x01012611,ui,display
AEECLSID_OATNETMGRAPP_USER,0x01079c49,system,brewcore
AEECLSID_OATDEVICE,0x01010004,system,brewcore
AEECLSID_SOUND,0x01001056,system,brewcore
AEECLSID_MEDIASVG,0x01005514,system,brewcore
AEECLSID_MD5Ctx,0x01001039,system,componentservices
AEECLSID_OATQOSAWAREUNAWARE,0x010381da,system,brewcore
AEECLSID_JPEGDecoderBREW,0x0102fd92,media,imagedecoders
AEECLSID_OEMIMMGR,0x0101278e,system,brewcore
AEECLSID_QoSSpec,0x0102b6c6,networking,networking
AEECLSID_GenericViewerAsync,0x01094d6d,media,imagedecoders
AEEIID_IBTImagePullResponder,0x0107251b,connectivity,bluetooth
AEEIID_IMemRegion1,0x0106e2e1,system,componentservices
AEECLSID_AppletCtl,0x01001058,system,brewcore
AEECLSID_McastControlService,0x01056b54,system,brewcore
AEEIID_IOpener,0x01046620,system,componentservices
AEECLSID_QFONT10,0x0107d321,apps,mam
AEECLSID_TEXTCTL_10,0x01003009,system,brewcore
AEEIID_IDevBitmapLowLevelFactory1,0x0108f97d,system,brewcore
AEEIID_IMenuModel,0x01019a5e,ui,widgets
AEECLSID_CTFADNREMOVERECS,0x0108df68,databases,icontacts
AEECLSID_OATSVGDOM,0x0102d2f5,media,multimedia
AEECLSID_OATUSBDEVICEAPP_USER,0x010799dd,hardware,usbdevice
AEECLSID_G9,0x10000009,system,brewcore
AEECLSID_G8,0x10000008,system,brewcore
AEECLSID_G7,0x10000007,system,brewcore
AEECLSID_G6,0x10000006,system,brewcore
AEECLSID_G5,0x10000005,system,brewcore
AEECLSID_G4,0x10000004,system,brewcore
AEECLSID_G3,0x10000003,system,brewcore
AEECLSID_G2,0x10000002,system,brewcore
AEECLSID_G1,0x10000001,system,brewcore
AEEIID_HPORT,0x010367ae,system,componentservices
AEECLSID_ModPathUtilTest,0x01074e05,security,modulemanager
AEECLSID_SHA384,0x0102a50d,deprecated,legacybrewcrypto
AEECLSID_ANRMASTER,0x0107001c,databases,icontacts
AEECLSID_ADDRINFO,0x01036e28,deprecated,headers
AEECLSID_SERIAL,0x01001042,system,brewcore
AEECLSID_SYSCLOCKDAEMON,0x010409c1,apps,softkeyappsuite
AEECLSID_TEXTCTL,0x01003109,system,brewcore
AEEIID_IClipboard,0x010367a8,system,brewcore
AEEIID_SYSTEMSTATEMODEL,0x0103388b,apps,mam
AEECLSID_GENBTILXTN,0x01042c3c,deprecated,isqldbcshim
AEEIID_SEQUENCER,0x01040a98,deprecated,isqldbcshim
AEECLSID_BTAVRCPTarget,0x01063574,connectivity,bluetooth
AEEIID_IZSTREAM,0x01036351,media,imagedecoders
AEECLSID_BREWSIGVERIFYTEST,0x0103392b,system,componentservices
AEECLSID_BATTERYNOTIFIER,0x0102a189,hardware,battery
AEEIID_ISignalQ1,0x0104336f,system,componentservices
AEECLSID_FONT_BASIC9,0x0100a003,system,brewcore
AEECLSID_SmartDIB_1_0,0x01015024,ui,display
AEECLSID_OATRSA,0x010125e3,deprecated,legacybrewcrypto
AEECLSID_DES_DECRYPT,0x01001036,system,brewcore
AEECLSID_ATS1,0x0103f61f,system,brewcore
AEECLSID_OATMCASTBUNDLESIM,0x0106df5f,system,brewcore
AEECLSID_FONT_BASIC6,0x0100a002,system,brewcore
AEECLSID_FontNull,0x010872a3,ui,fonts
AEECLSID_VALUEMODEL,0x010551e9,ui,widgets
AEECLSID_JULIANDATEWIDGET,0x01054a90,ui,widgets
AEECLSID_MemPoolServiceShared,0x0106e42e,system,componentservices
AEECLSID_ARC4,0x01001019,system,brewcore
AEECLSID_CALLORIGOPTS,0x01001057,system,brewcore
AEECLSID_OEMSIO,0x14578965,system,componentservices
AEECLSID_VOCODER,0x0100200a,system,brewcore
AEEIID_IMemPool,0x0106e435,system,componentservices
AEECLSID_OAT3D,0x01012cdf,system,brewcore
AEECLSID_FILESYSTEM1TEST,0x01057b32,system,componentservices
AEECLSID_OEMDirEnum,0x0102071a,system,componentservices
AEEIID_IImage,0x01013110,media,imagedecoders
AEECLSID_OATRAN,0x01010012,system,brewcore
AEECLSID_USERCODEMGR,0x0102d671,languages,trigplayer
AEECLSID_OATWALLPAPEREXT,0x01074f36,system,wallpaper
AEECLSID_TOUCHSCREENCALIBRATIONSERVICE,0x0108b461,hardware,touchscreen
AEEIID_IMedia,0x01005500,media,multimedia
AEECLSID_JPEG_RGB_THUMB_IQI,0x01074f60,system,concurrency
AEECLSID_LOCALEFRFR,0x010311d9,system,locales
AEEIID_BT,0x01039dfa,connectivity,bluetooth
AEECLSID_OATMediaMIDIApp,0x0108aa96,media,multimedia
AEEIID_IFMRDS,0x010486e2,hardware,fm
AEEIID_IvObject,0x010627be,databases,vcard
AEECLSID_OATGPSONELOCKAPP,0x010875af,hardware,gps
AEECLSID_CSN1PARSE,0x01011dc3,system,brewcore
AEECLSID_OATMediaAMRWBApp,0x0108aabd,media,multimedia
AEECLSID_BLOCK_3DES,0x0102cccf,deprecated,legacybrewcrypto
AEECLSID_SOCKET,0x0100102d,system,brewcore
AEECLSID_UTSQLDBCShim,0x0106f1ad,deprecated,isqldbcshim
AEECLSID_ResFile,0x0105522f,ui,widgets
AEECLSID_ENH,0x01002000,system,brewcore
AEECLSID_CARDOPSACTOR,0x0102ea8f,apps,softkeyappsuite
AEECLSID_CONTENTHANDLERSRIGHTSINFO,0x01072459,media,contentdrm
AEEIID_IPathTree,0x01094814,system,componentservices
AEECLSID_ACM_Service,0x01075da8,system,concurrency
AEECLSID_OATPOSDETAPP,0x0107568a,hardware,gps
AEECLSID_OATSTDLIBAPP,0x01075573,system,brewcore
AEECLSID_BMPDIALER,0x0108a241,apps,softkeyappsuite
AEECLSID_BitmapWidget,0x01054a86,ui,widgets
AEECLSID_OATPIMCALEXT,0x0107eb30,apps,softkeyappsuite
AEEIID_IRunProgram,0x01036bf5,system,componentservices
AEECLSID_JPEG_YCBCR420LP_THUMB,0x01030e5b,system,concurrency
AEEIID_CLIPBOARD2,0x0103e6bc,system,brewcore
AEECLSID_MOVE_BK_APP,0x0101bbb1,system,brewcore
AEECLSID_OEMSysClockSingImpl,0x01087c4c,system,brewcore
AEECLSID_CoLoadDynMod,0x0104178d,system,componentservices
AEECLSID_ADNMASTER,0x01070022,databases,icontacts
AEECLSID_SQLSTMT,0x0103b7e0,deprecated,isqldbcshim
AEECLSID_OATMediaAMRApp,0x0108a963,media,multimedia
AEEIID_IHandler,0x01015956,ui,widgets
AEECLSID_FADER_1,0x01028e32,ui,widgets
AEECLSID_OATPRIMARYQOSSESSION,0x01045375,system,brewcore
AEECLSID_OATHOMESCREEN,0x010329e2,system,brewcore
AEECLSID_SysTimerUsec,0x0105dc74,system,componentservices
AEEIID_IOEMNet,0x0102b5ca,system,brewcore
AEECLSID_LocaleID,0x010311e3,system,locales
AEECLSID_LOCKED_LICENSE_ACCESS,0x0103160c,system,brewcore
AEEIID_ILocale,0x0102c14c,databases,dbc
AEECLSID_CallMgrRes,0x0107caec,system,concurrency
AEEIID_IRootContainer,0x0102ec16,ui,widgets
AEECLSID_UTFlashWidget,0x01086cb7,languages,flash
AEECLSID_LOCALEUR,0x0103a1eb,system,locales
AEECLSID_OATPERFWEB,0x01087821,system,brewcore
AEECLSID_WINBMP,0x01004002,system,brewcore
AEECLSID_Display1RequestLCDOnSingleton,0x0108c501,apps,softkeyappsuite
AEECLSID_CIPHERMODE_OFB,0x0102ccdb,deprecated,legacybrewcrypto
AEECLSID_BNDSP,0x0102d3ce,system,componentservices
AEECLSID_CALLSTATEUMTSACTOR,0x0103a32a,apps,softkeyappsuite
AEECLSID_SOUNDEFFECTSACTOR,0x010381e2,apps,mam
AEECLSID_OATMediaWM,0x0108aab9,media,multimedia
AEECLSID_StatusLog,0x01044d03,testframeworks,uitf
AEEIID_REMOTEWRAPPER,0xfefe0005,system,componentservices
AEEIID_ISignalBus,0x0103d14b,system,componentservices
AEECLSID_PERSISTENTSTORAGE,0x0102e03e,languages,trigplayer
AEEIID_IDisplay,0x01036d36,ui,display
AEECLSID_MemShareGrpEBI1Service,0x0105936b,system,componentservices
AEEIID_IOEMFilePort1,0x0105fc45,system,componentservices
AEECLSID_CEDeviceOpener,0x0106c5cb,system,componentservices
AEECLSID_OATACLAPP,0x010242cb,system,brewcore
AEECLSID_HWIDS,0x0102febd,system,brewcore
AEECLSID_BREWSettings,0x010709a1,system,brewcore
AEECLSID_OEMSecureSysClockCached,0x01056c96,system,componentservices
AEECLSID_OATINTERFACEEXT,0x0103faa2,system,brewcore
AEECLSID_VFSSTRING,0x0102e0ed,languages,trigplayer
AEEIID_IDisplayDev,0x0101260f,ui,display
AEECLSID_RESPRIV_SOUND,0x0101e44a,media,multimedia
AEECLSID_HostSocketList,0x0104386d,system,brewcore
AEECLSID_CTFCPUHoggerTest,0x01078f04,system,brewcore
AEEIID_GLESIMAGEONEXT,0x01058546,system,brewcore
AEECLSID_DIBDisplayDev2Service,0x0103ce12,ui,display
AEECLSID_SystemSound2,0x010748f4,system,brewcore
AEECLSID_OATBITMAPFXAPP,0x010753de,system,brewcore
AEEIID_IACM,0x01075486,system,concurrency
AEEIID_DIBFACTORY,0x0101f533,system,brewcore
AEECLSID_STATIC_10,0x0100100a,system,brewcore
AEECLSID_HMAC_MD5CTX,0x0100104c,system,brewcore
AEECLSID_MESSAGING,0x01032513,apps,softkeyappsuite
AEECLSID_OATSHELLAPP_USER,0x0104561d,system,brewcore
AEECLSID_MediaPlayerService,0x0103a67b,media,multimedia
AEECLSID_JPEG_YCBCR422LP_THUMB,0x01030e5d,system,concurrency
AEECLSID_CODESIGVERIFYUNITTEST,0x0102c5a5,system,componentservices
AEECLSID_Thread1Current,0x010277f8,system,componentservices
AEECLSID_CLIPBOARD,0x01001020,system,brewcore
AEEIID_IBTBIPPullInitiator,0x01072527,connectivity,bluetooth
AEECLSID_MEMSHARETESTSERVER,0x0103280e,system,componentservices
AEECLSID_Sound10,0x0100100b,media,multimedia
AEECLSID_CTFContactsPerfTests,0x010784ee,databases,icontacts
AEECLSID_APPLETCTL,0x01001058,system,brewcore
AEECLSID_MEDIAMIDI,0x01005501,system,brewcore
AEECLSID_ResourceCtl1,0x010412b0,system,brewcore
AEECLSID_FONTSYSLARGEITALIC,0x0101402e,system,brewcore
AEECLSID_Sequencer,0x01040a98,testframeworks,uitf
AEECLSID_ProcessLaunchMonitor,0x01074a75,system,componentservices
AEECLSID_ASD2,0x0103f614,system,brewcore
AEECLSID_SMARTDIBTEST,0x0103603e,system,brewcore
AEECLSID_VFSINTERFACE,0x0102e0ee,languages,trigplayer
AEECLSID_OATNETUTILSUT,0x01046c92,system,brewcore
AEECLSID_KeysMapping,0x0105a4fc,hardware,keysmapping
AEECLSID_MEMSHARETEST,0x01031dcb,system,componentservices
AEECLSID_CodeSigVerify,0x0103f073,system,componentservices
AEEIID_IStressFile,0x01078f05,system,brewcore
AEECLSID_FilePortTest2,0x01040a91,system,componentservices
AEECLSID_ADSQUERY,0x01000003,system,brewcore
AEECLSID_CTFHOST,0x0102f2aa,system,componentservices
AEECLSID_SVGDOM,0x01038461,media,multimedia
AEECLSID_TESTACMA,0x010754aa,system,concurrency
AEECLSID_OATFota2,0x0103ffc9,system,brewcore
AEEIID_IWeakRef,0x0104709f,system,componentservices
AEECLSID_OEM,0x01006000,system,brewcore
AEECLSID_DOWNSHIFT,0x01006104,system,brewcore
AEECLSID_FILEMGR,0x01001003,system,brewcore
AEEIID_INetGlobalData,0x0103fde6,system,brewcore
AEEIID_IProcessLaunchMonitor,0x01074a76,system,componentservices
AEECLSID_CipherModeCTR,0x0102ccdc,system,componentservices
AEEIID_IModProps,0x0107050d,system,brewcore
AEECLSID_POSDET_11,0x0100101b,system,brewcore
AEECLSID_MEDIASAF,0x01005510,system,brewcore
AEECLSID_MemRemoteModemService,0x0106e27b,system,componentservices
AEECLSID_MD2,0x01001033,system,brewcore
AEECLSID_vAlarm,0x0105f4c3,databases,vcard
AEECLSID_GENERICVIEWER,0x0101e7c3,deprecated,headers
AEECLSID_OATSYSCLOCK,0x01036b4d,system,brewcore
AEECLSID_OATJOGDIALAPP,0x01079a04,system,brewcore
AEECLSID_CLIENTXTNAPP,0x01031552,tools,communication
AEECLSID_BTRemoteCameraInitiator,0x01073578,connectivity,bluetooth
AEECLSID_MediaAudioFX,0x010350c1,media,multimedia
AEEIID_IDNSConfig,0x0101c8af,networking,networking
AEECLSID_DevBitmap4Child,0x01012b5e,ui,display
AEECLSID_DefaultMemPool,0x0106d7ba,system,componentservices
AEECLSID_GWTESTAPP_SIM,0x0106c4eb,system,componentservices
AEECLSID_Lua_5_1,0x0106edab,languages,lua
AEEIID_IMailMsg,0x0105d4f5,system,componentservices
AEECLSID_BTImagePushResponder,0x01073573,connectivity,bluetooth
AEECLSID_ModProps_Service,0x0107051b,system,brewcore
AEEIID_GENBTIL,0x01042c48,deprecated,isqldbcshim
AEEIID_IFilePort1,0x0105e855,system,componentservices
AEECLSID_SettingsIniFactory,0x0106e2a0,system,settings
AEECLSID_OATDEVICEUNLOAD,0x010369a1,system,brewcore
AEECLSID_OATMCASTAPP,0x010756a1,system,brewcore
AEECLSID_kMailPool_BufOnly,0x0106e040,system,componentservices
AEEIID_IUSBDevice,0x01063173,hardware,usbdevice
AEECLSID_FILEPORTTEST,0x0101f839,system,componentservices
AEEIID_CAMERAFRAMEMODEL,0x01035c9e,ui,widgets
AEEIID_NETWORKINFO,0x01040b12,apps,softkeyappsuite
AEECLSID_OEM_APP,0x01007000,system,brewcore
AEECLSID_LOCALEVI,0x010311f8,system,locales
AEECLSID_INUSESTATEMODEL,0x01033add,apps,mam
AEEIID_ACTORLOADER,0x0102e1f7,languages,trigplayer
AEECLSID_VGA_HEADER_FONT,0x0105dc39,apps,mam
AEECLSID_JPEG_YCBCR422LP_THUMB_IQI,0x01074f64,system,concurrency
AEECLSID_PERFORMANCETIMER,0x010426f0,deprecated,isqldbcshim
AEECLSID_RootForm,0x01028e51,ui,widgets
AEEIID_ILuaFunction,0x0107de26,languages,lua
AEECLSID_MEDIA,0x01005500,system,brewcore
AEECLSID_FSGlobalSingleton,0x01073082,system,componentservices
AEECLSID_ModLoaded,0x0108cce5,system,componentservices
AEECLSID_OAT3DAUDIOAPP,0x0107fee1,media,multimedia
AEECLSID_REMOTEGWTEST_SIM,0x0106c4e7,system,componentservices
AEECLSID_XYCONTAINER,0x010551ed,ui,widgets
AEECLSID_StreamARC4HW,0x0102cf0f,system,componentservices
AEECLSID_OATNETWORKAPP,0x0107568d,system,brewcore
AEECLSID_OATQOSBUNDLEDEV,0x11036c9d,system,brewcore
AEEIID_IPeek,0x0100101c,system,brewcore
AEECLSID_TEXTCONTROLLER_NUMERIC,0x01038658,apps,softkeyappsuite
AEECLSID_CONSTRAINTCONTAINER,0x010551c4,ui,widgets
AEECLSID_DRAWDECORATORWIDGET_1,0x01028e14,ui,widgets
AEEIID_IRemote,0x0102865a,languages,lua
AEEIID_IUIMMASTER,0x0107002e,databases,icontacts
AEECLSID_BLOCK_DES_SW,0x0102cccb,deprecated,legacybrewcrypto
AEECLSID_OATIMM,0x010152cd,system,brewcore
AEECLSID_IIMAGE_GETPIXELOPACITY,0x0106d4e9,media,imagedecoders
AEECLSID_OATAPPIRESOURCESTAT,0x0107576a,system,concurrency
AEEIID_PDP,0x01049684,apps,softkeyappsuite
AEECLSID_MULTIDISP_AUTO,0x01012d42,system,brewcore
AEEIID_FOTAFILE,0x0102cf00,system,brewcore
AEECLSID_APPHISTORY2_SERVICE,0x0103c00d,system,brewcore
AEECLSID_RSATEST,0x01032e46,deprecated,legacybrewcrypto
AEECLSID_OATTAPISERVINGNETWORKSAPP,0x01076bc4,telephony,tapi
AEECLSID_LISTTC,0x01056609,ui,widgets
AEECLSID_OATPERFSETTINGS_USER,0x01088487,system,brewcore
AEECLSID_GenericViewerConvert,0x01026e6f,media,imagedecoders
AEECLSID_PAUSEPROCHANDLER,0x0106ed7a,apps,softkeyappsuite
AEECLSID_USBDATA,0x0108b233,hardware,usbdevice
AEECLSID_OATMediaEVBApp,0x0108a96c,media,multimedia
AEECLSID_FileSystem1,0x010536d4,system,componentservices
AEECLSID_FileSystem2,0x01072401,system,componentservices
AEECLSID_OATPERFCPU,0x01075676,system,brewcore
AEECLSID_WIDGETSMOD_1,0x0104192e,ui,widgets
AEECLSID_DummyMod100k,0x01088ef0,security,modulemanager
AEECLSID_JULIANTIMEWIDGET,0x01054a91,ui,widgets
AEECLSID_OATKEYSMAPPING,0x0105ae48,hardware,keysmapping
AEECLSID_DES_ENCRYPT,0x01001035,system,brewcore
AEECLSID_CAMERAAPP,0x01060dc9,apps,softkeyappsuite
AEECLSID_IJOYSTICK,0x01021c2b,hardware,joystick
AEEIID_INetList,0x01035f33,system,brewcore
AEEIID_IDNSConfig2,0x0102fd28,networking,networking
AEECLSID_MediaVideo,0x010612f6,media,multimedia
AEECLSID_STATUSLOG,0x01044d03,deprecated,isqldbcshim
AEECLSID_APP2,0x010341fe,system,brewcore
AEEIID_IMemRegionRemote,0x0106d7bc,system,componentservices
AEECLSID_APP1,0x010341fd,system,brewcore
AEECLSID_ProgressWidget,0x01054a94,ui,widgets
AEEIID_IMemRegion,0x0101f4d1,system,componentservices
AEECLSID_OATDEBUGKEY,0x0107c014,system,brewcore
AEECLSID_OATGRAPHICSAPPUSER,0x01075794,system,brewcore
AEEIID_IDispatcher,0x01024f18,system,componentservices
AEEIID_IBitmapScale,0x0101e8bc,ui,display
AEEIID_IEventPipe,0x0108b2b1,system,brewcore
AEECLSID_LOCALEPTBR,0x010311eb,system,locales
AEECLSID_OEMListTC,0x01057d65,ui,widgets
AEECLSID_OATMEDIASTRESSAPP,0x01088fcb,media,multimedia
AEECLSID_ENCODE_ISOLATIN1TOUTF8,0x01004302,system,brewcore
AEECLSID_TITLEWIDGET,0x010551e8,ui,widgets
AEECLSID_ATS2,0x0103ffb4,system,brewcore
AEECLSID_OEMRadioTC,0x01057d66,ui,widgets
AEECLSID_POPUPFORM,0x01028e4b,ui,widgets
AEECLSID_SYSTIMERSERVICE,0x01028c26,system,componentservices
AEECLSID_OATDATABASEAPP,0x01075429,deprecated,database
AEECLSID_ModemOpener,0x01061b14,system,componentservices
AEECLSID_SHA1Ctx_SIZE,0x0000009c,system,componentservices
AEECLSID_AES_ENCRYPT,0x01001043,system,brewcore
AEECLSID_OATMediaADPCMApp,0x0108a969,media,multimedia
AEEIID_ITransform,0x01001029,ui,display
AEECLSID_OATNETUTILS,0x010329d0,system,brewcore
AEECLSID_QCIF_DIALER_FONT,0x0108e598,apps,mam
AEECLSID_PriorityMgr,0x01074f51,system,concurrency
AEECLSID_OATHEAPAPP,0x010756b1,system,brewcore
AEECLSID_ANY_SID,0x01000800,system,brewcore
AEECLSID_SECUREFILETEST_CTR,0x01089e17,security,modulemanager
AEECLSID_JPEG_BREW,0x0102fd93,deprecated,headers
AEECLSID_CONTACTSADN,0x0107001a,databases,icontacts
AEECLSID_CTGVOLDBINTERNAL,0x0108804a,security,modulemanager
AEECLSID_CipherModeECB,0x0102ccd7,system,componentservices
AEECLSID_OEMLocale,0x0102ce50,system,locales
AEECLSID_OATPERFSETTINGS,0x01088485,system,brewcore
AEECLSID_HFontOutline,0x010551cd,ui,widgets
AEECLSID_MediaPHR,0x01005509,media,multimedia
AEEIID_IBTImageArchiveInitiator,0x0107251f,connectivity,bluetooth
AEECLSID_NETUTILS,0x01031744,deprecated,headers
AEECLSID_kMailPool_BufOnlyService,0x0106e043,system,componentservices
AEEIID_IPathTreeFactory,0x01094b3a,system,componentservices
AEEIID_IResFile,0x0102ec58,ui,widgets
AEECLSID_LAUNCHER,0x01007000,system,brewcore
AEECLSID_OATDRMAPP_USER,0x0107f0e5,media,contentdrm
AEECLSID_ENCODE_UTF16TOUTF8,0x01004301,system,brewcore
AEEIID_IMemMgr,0x01028a53,system,componentservices
AEEIID_IRemoteOpener,0x0106d4d2,system,componentservices
AEECLSID_BlockAES128HW,0x0102ccd5,system,componentservices
AEECLSID_TOUCHSCREENSING,0x0108b460,hardware,touchscreen
AEECLSID_INTERFACEMODEL,0x010551ce,ui,widgets
AEECLSID_OATModManager,0x01087441,security,modulemanager
AEEIID_IFlashFrameModel,0x0107a15d,languages,flash
AEEIID_ITypeface,0x010340cb,ui,fonts
AEEIID_IAppFrameWidget1,0x0108e4fe,system,brewcore
AEEIID_IGetLineExt,0x01087dfc,networking,web
AEECLSID_BCMCSDBService,0x0103c123,system,brewcore
AEEIID_IQoSBundle,0x01037ad4,networking,networking
AEECLSID_SOURCECHAIN,0x01011d7e,system,brewcore
AEECLSID_WLANMACAddr,0x0107abd4,connectivity,wlan
AEECLSID_SIMULATOREFSCONFIG,0x0103bbec,tools,simulator
AEECLSID_SettingsGlobalPrivTestApp,0x01074e78,system,settings
AEEIID_IBTImagePushInitiator,0x0107251c,connectivity,bluetooth
AEECLSID_OATHEAPAPPUSER,0x01075795,system,brewcore
AEECLSID_OATPERFCPU_KERNEL,0x01075a46,system,brewcore
AEECLSID_TextModel,0x010551e5,ui,widgets
AEECLSID_OATWIFI,0x0102dce6,system,brewcore
AEECLSID_OATGSM1XSIG,0x010127cd,system,brewcore
AEECLSID_DateTimeTC,0x01056607,ui,widgets
AEECLSID_CritSect,0x0101f752,system,componentservices
AEECLSID_TEXTTC,0x0105660e,ui,widgets
AEEIID_IForm,0x01013603,ui,widgets
AEEIID_IUIMUSIM,0x0107002a,databases,icontacts
AEECLSID_Opener,0x010467c4,system,componentservices
AEECLSID_PubKeyRSADSP,0x0103efec,system,componentservices
AEECLSID_JPEG_YCBCR420LP_MAIN_IQI,0x01074f61,system,concurrency
AEECLSID_OATTEXTAPP,0x01075562,deprecated,control
AEECLSID_DEFAULTTEXTLAYOUT,0x0103bd08,ui,widgets
AEEIID_IGalleryNotifier,0x010563c3,databases,gallery
AEECLSID_HighResClock,0x01061799,system,componentservices
AEEIID_PREFS,0x0103cea1,system,brewcore
AEECLSID_OATCONTENTMETADATAAPP_KERNEL,0x0107f085,media,contentdrm
AEECLSID_QCOMCODESIGCONFIG,0x0102c147,system,componentservices
AEECLSID_JPEG_YCRCB422LP_THUMB,0x01061b0f,system,concurrency
AEECLSID_MemPoolServiceTCM,0x0106e431,system,componentservices
AEECLSID_FONT_STANDARD26B,0x0102f680,ui,fonts
AEECLSID_CLIPBOARD2_SERVICE,0x0103e78e,system,brewcore
AEEIID_ITransition2,0x0106f260,ui,widgets
AEEIID_TRIGMLDEBUG,0x0103e0cf,languages,trigplayer
AEECLSID_WIFI_313,0x0102eb92,connectivity,wlan
AEECLSID_BTFETypeface,0x01035156,ui,fonts
AEECLSID_OATFSNOPL,0x01013e1e,system,brewcore
AEECLSID_PROCESSTEST_K,0x0103f216,system,componentservices
AEECLSID_OATUSBDEVICE,0x01075da0,hardware,usbdevice
AEECLSID_GRIDCONTAINER,0x010551cc,ui,widgets
AEEIID_TRIGMLDOCUMENT,0x01040cba,languages,trigplayer
AEEIID_NUMMATCH,0x0104656a,apps,softkeyappsuite
AEECLSID_LocaleHU,0x010311e2,system,locales
AEECLSID_Registry2,0x0103fed0,system,brewcore
AEECLSID_UIMDBEMAIL,0x01075f70,databases,icontacts
AEECLSID_OATVCALSTORENOPLAPPUSER,0x010903f6,databases,vcard
AEECLSID_OBEXSrv,0x01053c75,connectivity,bluetooth
AEECLSID_LocaleHI,0x0103a1e7,system,locales
AEECLSID_BTILPORT,0x010179db,deprecated,btil
AEECLSID_LocaleHE,0x0103a1e8,system,locales
AEECLSID_AppContextKernel,0x0103e4bc,system,brewcore
AEECLSID_MediaAMRWB,0x010377ed,media,multimedia
AEECLSID_OBEXCli,0x01053c8a,connectivity,bluetooth
AEECLSID_UP4BROWSER,0x01007100,system,brewcore
AEECLSID_BlendWidget,0x01054a87,ui,widgets
AEECLSID_GalleryWritableNotifier_Emitter,0x01070816,databases,gallery
AEECLSID_BITMAP,0x01001021,system,brewcore
AEECLSID_ABORTPROCESSTEST,0x01032c42,system,componentservices
AEEIID_ITextModel,0x01015946,ui,widgets
AEECLSID_PHONEAPPACTOR,0x0103cf02,apps,softkeyappsuite
AEECLSID_TABWIDGET,0x010551e1,ui,widgets
AEECLSID_QUERYINTERFACE,0x01000001,system,brewcore
AEECLSID_AppMgrHelpers,0x0107098b,apps,mam
AEECLSID_OATMediaAAC,0x0108a852,media,multimedia
AEEIID_ICameraFrameModel,0x01035c9e,ui,widgets
AEECLSID_OEMNetInfo,0x0102bc1b,system,brewcore
AEECLSID_Model,0x010551d0,ui,widgets
AEEIID_IOEMQoS,0x01034ab3,system,brewcore
AEEIID_IResourceStatus,0x010716d8,system,concurrency
AEECLSID_OATMediaMIDI,0x0108aa95,media,multimedia
AEECLSID_SignalQDispatch,0x01029d8e,system,componentservices
AEEIID_IModLoader,0x0103bd18,languages,lua
AEECLSID_ModPathInfoDynService,0x01070e6e,system,componentservices
AEEIID_VFSNODE,0x0102e0e9,languages,trigplayer
AEECLSID_PROTO_LAST,0x0100500e,system,brewcore
AEECLSID_LocaleENGB,0x0102c250,system,locales
AEECLSID_PORT1PIPE_1,0x01071f33,system,componentservices
AEECLSID_PositionService,0x0106fa22,system,brewcore
AEECLSID_ACTORFRAMENODEMODEL,0x01034ce0,languages,platformactors
AEECLSID_BorderWidget,0x01054a88,ui,widgets
AEECLSID_NETWORKINFO,0x01062604,apps,softkeyappsuite
AEECLSID_COREVIEWPORTEVENTHANDLER,0x010465e4,languages,trigplayer
AEECLSID_SCHEDULER,0x0106f9d3,apps,softkeyappsuite
AEECLSID_SMSNOTIFIER,0x0100500a,system,brewcore
AEECLSID_CONTACTSADN_SERVICE,0x0107001b,databases,icontacts
AEECLSID_DEFAULTTEXTCONTROLLER,0x010551c7,ui,widgets
AEECLSID_SimOpener,0x01046c13,system,componentservices
AEECLSID_GETHOSTBYNAMEADAPTOR,0x010373d2,hardware,gps
AEECLSID_LuaSquareService,0x01073d55,languages,lua
AEECLSID_UIMDBIAP,0x01070014,databases,icontacts
AEECLSID_SMDFactory,0x0106e77c,system,componentservices
AEECLSID_MemShareGrpIMEM,0x010619e5,system,componentservices
AEECLSID_ALSTESTAPP_USER,0x0105c07c,system,brewcore
AEECLSID_STATICWIDGET,0x010551e0,ui,widgets
AEECLSID_BTA2DP,0x01061c2c,connectivity,bluetooth
AEECLSID_SimDisplayDev1Service4,0x010747ec,system,brewcore
AEECLSID_TEXTWIDGET,0x010551e6,ui,widgets
AEECLSID_SimDisplayDev1Service2,0x010747ea,system,brewcore
AEECLSID_SimDisplayDev1Service3,0x010747eb,system,brewcore
AEECLSID_SimDisplayDev1Service1,0x010747e9,system,brewcore
AEECLSID_C_BasicMod1Ext,0x0108e048,tools,multi-platform-samplecode
AEECLSID_WindowSys,0x0107533b,ui,wm
AEECLSID_LOGGER_DMSS,0x01002010,system,brewcore
AEECLSID_OATVIEWERAPPUSER,0x010757a7,media,imagedecoders
AEEIID_IBTBPPRefObjectServer,0x0106f416,connectivity,bluetooth
AEEIID_IResourceCtl1,0x010412b1,system,brewcore
AEECLSID_CORETEXTEDITEVENTHANDLER,0x01056553,languages,trigplayer
AEECLSID_PHONENOTIFIER,0x01001051,system,brewcore
AEECLSID_ProcessList,0x01044918,system,componentservices
AEECLSID_MediaMP3,0x01005502,media,multimedia
AEECLSID_NetUtils2Service,0x01072b3a,system,brewcore
AEECLSID_OATSYSCLOCKSECSETPL,0x01038d46,system,brewcore
AEECLSID_FONTSYSNORMAL,0x01012786,system,brewcore
AEECLSID_LISTFORM,0x01028e48,ui,widgets
AEECLSID_WindowMgr0,0x0103defc,deprecated,headers
AEECLSID_XYCONTAINER_1,0x01028e3f,ui,widgets
AEEIID_IPrivSet,0x0102f959,system,componentservices
AEECLSID_ContainerTC,0x01056606,ui,widgets
AEECLSID_MediaAudioEnv,0x010350c0,media,multimedia
AEECLSID_OATSHELL,0x010341fb,system,brewcore
AEECLSID_MEDIAFRAMEMODEL,0x01035897,ui,widgets
AEEIID_CIPHERWRAPPER,0x0102ccdf,deprecated,legacybrewcrypto
AEECLSID_OATWLANMACADDR,0x0107d2a8,connectivity,wlan
AEECLSID_CERTCHAINTEST,0x0102f6a2,system,componentservices
AEECLSID_SIMULATORCONFIGSIM,0x010715a1,tools,simulator
AEEIID_IBitmapMem,0x0101f277,ui,display
AEECLSID_CTFTEPExistence_DiagGW,0x0108cc15,system,componentservices
AEECLSID_ADDRBOOK_RUIM,0x010128c4,deprecated,iaddrbookshim
AEECLSID_OATDRM,0x01076004,media,contentdrm
AEECLSID_ctfcallhistutiltest,0x0108c2fc,databases,pim
AEECLSID_TCMMemPool,0x0106e42b,system,componentservices
AEEIID_IMAGEDECODER,0x01026e20,deprecated,headers
AEECLSID_OEMDisplayDev1_4,0x0108ae28,system,brewcore
AEECLSID_PREVIEWACTOR,0x01071820,apps,softkeyappsuite
AEECLSID_OEMDisplayDev1_2,0x0108ae22,system,brewcore
AEECLSID_OEMDisplayDev1_3,0x0108ae26,system,brewcore
AEECLSID_SSLRootCerts,0x01001032,security,ssl
AEEIID_IOEMFilePort,0x0102074b,system,componentservices
AEECLSID_OATALARMMGRNOPL,0x0102ffea,system,brewcore
AEECLSID_QFONT8B,0x0107d20c,apps,mam
AEEIID_IFota2,0x0103f8d0,system,brewcore
AEECLSID_OATUSBDEVICEAPP_KERN,0x010799dc,hardware,usbdevice
AEECLSID_DRMDAEMON,0x01070228,apps,softkeyappsuite
AEEIID_IFont,0x01001022,system,brewcore
AEECLSID_ACLOCKCTL,0x0100300a,system,brewcore
AEECLSID_FLASH_EXTAPP,0x01080804,tools,multi-platform-samplecode
AEECLSID_WEBREQ,0x01005003,system,brewcore
AEECLSID_OATPLATFORM,0x0105e8fe,system,brewcore
AEECLSID_MemRemoteSim,0x0106d7c6,system,componentservices
AEECLSID_3DES_DECRYPT,0x01001038,system,brewcore
AEECLSID_HFONT_OUTLINE,0x010551cd,ui,widgets
AEECLSID_OEMTextLayout,0x010566cc,ui,widgets
AEECLSID_LOCALECS,0x010311dd,system,locales
AEECLSID_OATKEYAPP,0x010756a8,system,brewcore
AEECLSID_OATWALLPAPERAPP,0x01074f30,system,wallpaper
AEECLSID_MailPool_BufOnly,0x0106e03f,system,componentservices
AEEIID_MLICENSEPOLICY,0x0103c169,system,brewcore
AEECLSID_COREGRIDKEYEVENTHANDLER,0x010437c4,languages,trigplayer
AEECLSID_LOCALECA,0x010311db,system,locales
AEECLSID_GSMCREDENTIALS,0x0101e4e1,system,brewcore
AEECLSID_SmartDIB_16_444,0x01015027,ui,display
AEEIID_IModMover,0x0104f5fd,security,modulemanager
AEECLSID_SpinLock,0x0103fe02,system,componentservices
AEECLSID_OATDispDevApp,0x01075950,system,brewcore
AEECLSID_MultiModSigCtl,0x010894ea,system,componentservices
AEECLSID_CPUHogger,0x01078f02,system,brewcore
AEECLSID_OEMShellBeepService,0x01061b1b,system,brewcore
AEECLSID_OATMediaADPCM,0x0108a96a,media,multimedia
AEECLSID_ConfigFile,0x01040d04,testframeworks,uitf
AEECLSID_CORE,0x01001000,system,brewcore
AEECLSID_BLOCK_AES128_SW,0x0102ccd4,deprecated,legacybrewcrypto
AEECLSID_Semaphore,0x0106c2c5,system,componentservices
AEECLSID_USBCOMPOSITOR,0x0108a844,hardware,usbdevice
AEEIID_IDevBitmapLowLevelFactory,0x01074df3,system,brewcore
AEECLSID_Sound,0x01001056,media,multimedia
AEECLSID_VGA_DIALER_FONT,0x0108e597,apps,mam
AEECLSID_OATVIEWER,0x0101001b,system,brewcore
AEEIID_ISound,0x01001056,media,multimedia
AEECLSID_GridContainer,0x010551cc,ui,widgets
AEECLSID_TOUCHSCREENSERVICE,0x0108b45f,hardware,touchscreen
AEECLSID_HashTable,0x0102c241,system,componentservices
AEECLSID_MailPool,0x0105d27a,system,componentservices
AEECLSID_vStandard,0x0105f4c6,databases,vcard
AEECLSID_LOCALEMS,0x010311e7,system,locales
AEECLSID_CHECKWIDGET,0x01054a8a,ui,widgets
AEEIID_IKWindowSys1,0x01074f4b,ui,wm
AEECLSID_OATAPPHISTORY,0x010101f1,system,brewcore
AEECLSID_CONTENTHANDLERSIMAGE,0x010455a1,media,contentdrm
AEECLSID_RESTORE,0x0100101e,system,brewcore
AEECLSID_OATFOTA2APP,0x010756b8,system,brewcore
AEECLSID_BlockAES192,0x01039ad7,system,componentservices
AEECLSID_LOCALEML,0x0103a1e9,system,locales
AEECLSID_FlashAppletFactory,0x010753d2,languages,flash
AEECLSID_PrivSetTestSvc_K,0x01072683,system,componentservices
AEECLSID_THUMBNAILMEDIAGENERATOR,0x01071758,media,contentdrm
AEEIID_IAppHistory,0x010396bf,system,brewcore
AEEIID_IMediaPlayer,0x01039a90,system,brewcore
AEECLSID_ButtonWidget,0x01053c8b,ui,widgets
AEECLSID_GETLINE,0x01001013,system,brewcore
AEECLSID_LOCALEZHCN,0x0103a1e3,system,locales
AEECLSID_NetUtilsService,0x01039886,system,brewcore
AEECLSID_MemPoolServiceHWIO,0x0106e433,system,componentservices
AEECLSID_OEMScrollTC,0x01057d67,ui,widgets
AEECLSID_VolumeDBTest_Internal,0x01087a2d,security,modulemanager
AEECLSID_OATPERFWEB_KERNEL,0x01087822,system,brewcore
AEECLSID_ICONVIEWCTL_10,0x01003003,system,brewcore
AEECLSID_OATJOGDIAL,0x010737a5,system,brewcore
AEECLSID_OEMSLIDERTC,0x01057d68,ui,widgets
AEECLSID_OATFSPLUSER,0x0103eb8c,system,brewcore
AEECLSID_OATPIMCONTACTSINT,0x0108d327,databases,pim
AEECLSID_SOFTKEYWIDGET_1,0x01028e29,ui,widgets
AEECLSID_EXTENSION,0x01800000,system,brewcore
AEECLSID_STREAMDEMOAPP,0x01034ee4,tools,communication
AEECLSID_QOSFILTER,0x0102b6cc,deprecated,headers
AEECLSID_ASETestObj,0x0108cda2,languages,flashlite
AEECLSID_QoSSessionTest,0x0103ecea,system,brewcore
AEECLSID_UnzipStream,0x01001014,media,imagedecoders
AEECLSID_DEFAULTLOCALE_1,0x010490f6,system,locales
AEECLSID_OEMMcast,0x0103a21b,system,brewcore
AEECLSID_LCDSettingsStorePriv,0x01087805,system,brewcore
AEECLSID_LOGGER_BTIL,0x0101e6b8,system,brewcore
AEECLSID_SYSTEMSTATESTRING,0x010339bb,apps,mam
AEECLSID_LocaleSR,0x010311ee,system,locales
AEECLSID_MEDIAMMF,0x01005508,system,brewcore
AEECLSID_PORT1PIPE,0x010467f6,system,componentservices
AEECLSID_DIBDisplayDev1,0x01039910,ui,display
AEECLSID_OATQOSSESSIONAPP_USER,0x01079c73,system,brewcore
AEECLSID_APP1_USER,0x0104556e,system,brewcore
AEECLSID_TESTLOGMGR,0x01041de5,deprecated,isqldbcshim
AEECLSID_NetCritSect,0x0103b71e,system,brewcore
AEECLSID_QCSANSBOLDTTF,0x0103fb4c,ui,fonts
AEECLSID_Network,0x01039270,networking,networking
AEEIID_ICodeSigPolicyParams,0x0103f709,system,componentservices
AEECLSID_OEMButtonTC,0x01057d60,ui,widgets
AEECLSID_MENUCTL_10,0x01003000,system,brewcore
AEEIID_IContainer,0x01015932,ui,widgets
AEEIID_IWindowFoo,0x0103e1c8,ui,wm
AEECLSID_MEDIAAMR,0x0100550e,system,brewcore
AEECLSID_C_BASICEXTAPP,0x0071b014,tools,multi-platform-samplecode
AEECLSID_DIBDisplayDev2,0x01039912,ui,display
AEECLSID_ListForm,0x01028e48,ui,widgets
AEECLSID_UTBTFE,0x0101e750,ui,fonts
AEEIID_DEBUGSET,0x010376cc,system,brewcore
AEECLSID_OEMGRIDCONTAINERTC,0x01057d64,ui,widgets
AEECLSID_ADNMASTER_SERVICE,0x01070023,databases,icontacts
AEECLSID_BMPDecoder,0x01026e21,media,imagedecoders
AEECLSID_CTFSampleDbCreation1000,0x0108cc27,databases,icontacts
AEEIID_SCREENSHOT,0x01040a97,deprecated,isqldbcshim
AEECLSID_GALLERYACTOR,0x01064b54,apps,softkeyappsuite
AEECLSID_OATX509ChainAppUser,0x0108ea3a,deprecated,legacybrewcrypto
AEECLSID_INVOKERSERVICE,0x0102ba3e,system,componentservices
AEECLSID_OATEVDONODATASESSION,0x01054305,system,brewcore
AEECLSID_CTFTEPExistence,0x0108c6f0,system,componentservices
AEECLSID_DIBDisplayDev3,0x01039913,ui,display
AEECLSID_LocaleIT,0x010311e4,system,locales
AEECLSID_QFONT30,0x010444b4,apps,mam
AEEIID_PROCFUNCS,0x0102bb47,system,componentservices
AEECLSID_OATBTEXTCLIENT,0x0103c352,connectivity,bluetooth
AEECLSID_OATRINGERSECAPP,0x01042e62,media,multimedia
AEECLSID_FlashAMCPlayer,0x01079787,languages,flash
AEECLSID_ProcessListCtl,0x0104491d,system,componentservices
AEECLSID_LISTCTL_10,0x01003002,system,brewcore
AEECLSID_MemGroup,0x0106d7c0,system,componentservices
AEECLSID_CURRENTLOCALE_1,0x0102ce4f,system,locales
AEECLSID_MEMSHARETESTSERVICE,0x01032801,system,componentservices
AEECLSID_HWIOMemPool,0x0106e42d,system,componentservices
AEECLSID_SYSTEMSTATEINTEGER,0x010339b8,apps,mam
AEECLSID_SYSCLOCKNOTIFIER,0x010404fa,apps,softkeyappsuite
AEECLSID_SoftkeyWidget,0x010551df,ui,widgets
AEEIID_IASVar,0x01078f17,languages,flash
AEECLSID_SIGNALQTEST,0x0102b679,system,componentservices
AEECLSID_TYPECASTACTOR,0x0103c8fb,apps,softkeyappsuite
AEEIID_IContentMetaData,0x01073d34,media,contentdrm
AEECLSID_SIGNALBUSSERVICE,0x0102863a,system,componentservices
AEEIID_INetwork,0x01035f45,networking,networking
AEECLSID_CTGMODCOLLECTOR,0x01076112,security,modulemanager
AEECLSID_KSHELL,0x0103cea6,system,brewcore
AEECLSID_HFONT_OUTLINE_1,0x0102f2f8,ui,widgets
AEECLSID_MOVER,0x010551d1,ui,widgets
AEECLSID_MSGQ,0x01032610,system,componentservices
AEEIID_EGL11,0x0103d8ee,system,brewcore
AEECLSID_RunProgram,0x01036bf4,system,componentservices
AEEIID_EGL10,0x0103d8ed,system,brewcore
AEECLSID_CTGMODMOVER,0x01076114,security,modulemanager
AEECLSID_VIEWPORTWIDGET,0x010551eb,ui,widgets
AEECLSID_GWKEEPALIVE,0x01046c15,system,componentservices
AEECLSID_CAMERAFRAMEMODEL,0x01035c90,ui,widgets
AEECLSID_DEFAULTLOCALE,0x010551c6,system,locales
AEECLSID_ROOTTC,0x01070f2a,ui,widgets
AEEIID_IWindowSys,0x01074e89,ui,wm
AEECLSID_GRAPHICS,0x01002001,system,brewcore
AEECLSID_PerformanceTimer,0x010426f0,testframeworks,uitf
AEEIID_PROCESSSERVICE,0x0102acbc,system,componentservices
AEECLSID_MemShareGrpHWIOService,0x0106c057,system,componentservices
AEECLSID_CDB,0x010444a9,tools,device
AEECLSID_MCASTBUNDLE,0x0106d74e,system,brewcore
AEECLSID_OATTELEPHONE,0x0101e6e0,system,brewcore
AEECLSID_EBI1MemPool,0x0106e429,system,componentservices
AEECLSID_PDP,0x0101a0fe,apps,softkeyappsuite
AEEIID_BT_SPP_CLIENT,0x01041695,connectivity,bluetooth
AEECLSID_TEXTWIDGET_1,0x01028e2f,ui,widgets
AEECLSID_MsgStoreFolderTest,0x010912ca,databases,pim
AEECLSID_OATBTEXTSERVERAPP,0x0107c936,connectivity,bluetooth
AEEIID_RESOURCECTL,0x0101e52e,deprecated,headers
AEECLSID_C_UI_WIDGETS,0x455fd5d4,tools,multi-platform-samplecode
AEECLSID_CIPHERMODE_ECB,0x0102ccd7,deprecated,legacybrewcrypto
AEECLSID_Realloc,0x01030522,system,componentservices
AEECLSID_POWERDOWN,0x01032496,apps,softkeyappsuite
AEECLSID_FileSystem,0x01020725,system,componentservices
AEECLSID_SERVICECAPABILITIES,0x0106c42f,apps,softkeyappsuite
AEEIID_IDevBitmapFactory,0x0107482e,ui,display
AEECLSID_OATUMTSAPP,0x0107555f,system,brewcore
AEECLSID_SIGNALTONEHANDLER,0x0106c99a,apps,softkeyappsuite
AEECLSID_TTYMODESTATEMODEL,0x01044acf,apps,mam
AEECLSID_SystemSound,0x010748f2,media,multimedia
AEECLSID_MemShareGrpTCMService,0x01060e8b,system,componentservices
AEECLSID_TouchscreenCalibrationDisplay1,0x0108d26a,hardware,touchscreen
AEECLSID_THUMBNAILACTORCONTAINER,0x0106360f,apps,softkeyappsuite
AEECLSID_ASD16,0x0103ffce,system,brewcore
AEECLSID_RESWEBENG,0x010894f6,system,brewcore
AEECLSID_UIMDBGRP_SERVICE,0x01070017,databases,icontacts
AEECLSID_ASD15,0x0103ffcd,system,brewcore
AEECLSID_ASD12,0x0103ffca,system,brewcore
AEECLSID_ASD13,0x0103ffcb,system,brewcore
AEECLSID_ASD10,0x0103f61c,system,brewcore
AEECLSID_ASD11,0x0103f61d,system,brewcore
AEECLSID_CERTCACHE,0x01001010,system,brewcore
AEECLSID_ASD18,0x0103ffd0,system,brewcore
AEECLSID_RIGHTSMANAGER,0x01044d8c,apps,softkeyappsuite
AEEIID_IOEMMcast,0x0103a21a,system,brewcore
AEECLSID_ImageStaticWidget,0x01054a8e,ui,widgets
AEECLSID_SIGNALQPROCESSTEST,0x0103881c,system,componentservices
AEECLSID_MENUCTL,0x01003100,system,brewcore
AEECLSID_MBMSControlService,0x0105a6b6,system,brewcore
AEECLSID_JPEGDECODER,0x01026e22,deprecated,headers
AEECLSID_Display1RequestBacklightOnSingleton,0x0108c500,apps,softkeyappsuite
AEECLSID_DRMCOREEXTENSION,0x01070514,apps,softkeyappsuite
AEECLSID_ResourceStatus_Service,0x01075f6d,system,concurrency
AEEIID_IKeysMapping,0x0105bb55,hardware,keysmapping
AEECLSID_ASD17,0x0103ffcf,system,brewcore
AEECLSID_CALLSTATEDAEMON,0x0103b3bc,apps,softkeyappsuite
AEECLSID_OATNETARBITER,0x010481ce,system,brewcore
AEECLSID_DEVICEINFOACTOR,0x0102f62b,apps,softkeyappsuite
AEECLSID_OATEVDODOWNLOAD,0x01054306,system,brewcore
AEECLSID_ASD14,0x0103ffcc,system,brewcore
AEECLSID_LOCALEPT,0x010311ea,system,locales
AEECLSID_OATRINGER,0x01010010,system,brewcore
AEECLSID_LuaSquare,0x01073d5e,languages,lua
AEECLSID_POPUPMENUFORM_SCROLL,0x01028e4d,ui,widgets
AEECLSID_OATSOCKPORTAPP,0x01075631,system,brewcore
AEECLSID_HTML,0x01004007,system,brewcore
AEECLSID_MD2CTX,0x0100103a,system,brewcore
AEECLSID_PRIVSETTEST,0x0103b679,system,componentservices
AEECLSID_MEDIAADPCM,0x0100550a,system,brewcore
AEECLSID_JPEG_YCRCB422LP_MAIN,0x01061b0e,system,concurrency
AEECLSID_OATModManagerApp,0x01087442,security,modulemanager
AEECLSID_GWTESTAPP_MODEM,0x0106c4ed,system,componentservices
AEECLSID_UIMDBANR_SERVICE,0x01070013,databases,icontacts
AEECLSID_STOPWATCH,0x010426e7,apps,softkeyappsuite
AEECLSID_BITFONTTEST,0x01039915,system,brewcore
AEECLSID_JPEG_RGB666_MAIN,0x0103bbf1,system,concurrency
AEEIID_IRemoteCall,0x010286a8,system,componentservices
AEECLSID_OATMCASTSIM,0x01031e0c,system,brewcore
AEECLSID_CTFTEPExistence_UsbGW,0x0108cd1d,system,componentservices
AEECLSID_LOCALELT,0x010311e6,system,locales
AEEIID_ITimeZone,0x0106e50e,databases,timezone
AEECLSID_LOCALEDEDE,0x0102c262,system,locales
AEECLSID_OATPERFKDDI,0x0107c31c,system,brewcore
AEECLSID_VIDEOCALLHANDLER,0x0108a248,apps,softkeyappsuite
AEECLSID_MULTIDISP3,0x01012d41,system,brewcore
AEECLSID_MULTIDISP2,0x01012d40,system,brewcore
AEECLSID_MULTIDISP1,0x01012d3f,system,brewcore
AEECLSID_ASD19,0x0103ffd1,system,brewcore
AEECLSID_OATDISPROTAPP,0x010754be,system,brewcore
AEECLSID_OATTESTAPPHIST1,0x010101a3,system,brewcore
AEECLSID_McastBundleControlService,0x0106e8ee,system,brewcore
AEEIID_MLICENSE,0x01039b5b,system,brewcore
AEEIID_IRemoteControl_Target,0x01062245,connectivity,bluetooth
AEECLSID_ASEObjE,0x0108c30a,languages,flashlite
AEECLSID_INSTANCESERVER,0x01083a55,languages,trigplayer
AEECLSID_SimpleIOEchoService,0x01046f24,system,componentservices
AEECLSID_OATTESTAPPHIST3,0x010101a5,system,brewcore
AEECLSID_ArrayModel,0x010551c1,ui,widgets
AEECLSID_BATTERYACTOR,0x0102efa1,apps,softkeyappsuite
AEECLSID_IUIMDBTest,0xdeadbeef,databases,icontacts
AEEIID_TRIGMLELEMENTTRACEDETAILS,0x01044585,languages,trigplayer
AEECLSID_MODMOVERTEST,0x010386d3,security,modulemanager
AEECLSID_RootContainer,0x01055241,ui,widgets
AEECLSID_AddrInfo,0x01036e28,networking,networking
AEECLSID_vCalStore_Service,0x0108d763,databases,vcard
AEECLSID_OATSYSCLOCKNOPL,0x01038cf9,system,brewcore
AEECLSID_USBDevBridgeService,0x0108c285,hardware,usbdevice
AEECLSID_ACMConflictDetectorService,0x0108a232,system,concurrency
AEECLSID_COREGRIDDATAFOCUSEVENTHANDLER,0x01062e29,languages,trigplayer
AEEIID_IHighResClock,0x01061795,system,componentservices
AEECLSID_VocoderIQI,0x01074f53,system,concurrency
AEECLSID_OATDISPLAYUSERAPP,0x010754bd,system,brewcore
AEECLSID_LOCALEBG,0x010311da,system,locales
AEECLSID_SCALEWIDGET,0x0104448f,ui,widgets
AEEIID_IOBEXHeader,0x01058640,connectivity,bluetooth
AEEIID_IBitmapCtl2,0x01014e56,ui,display
AEECLSID_CONFIG,0x01001027,system,brewcore
AEEIID_IBitmapCtl4,0x0106ecc4,ui,display
AEEIID_ILocalOpener,0x010709a9,system,componentservices
AEECLSID_BLOCK_SEED,0x0102d17f,deprecated,legacybrewcrypto
AEECLSID_FONT_STANDARD9B,0x010377ec,ui,fonts
AEECLSID_OATPERFKDDI_USER,0x0107c31e,system,brewcore
AEECLSID_OATPERFAPPLETCTL,0x01075679,system,brewcore
AEECLSID_OEMViewportTC,0x0108b393,ui,widgets
AEECLSID_CODESIGVERIFYTEST,0x0102c27d,system,componentservices
AEECLSID_STATICWIDGET_1,0x01028e2a,ui,widgets
AEECLSID_BTFTPClient,0x0106f907,connectivity,bluetooth
AEECLSID_TOPVISIBLEPRIV,0x0101e52f,deprecated,headers
AEECLSID_CodeSigPolicyParamsService,0x0103f8d9,system,componentservices
AEEIID_IModCtl1,0x01070bc6,system,componentservices
AEECLSID_CTFMemoryHoggerTest,0x01078f0b,system,brewcore
AEEIID_IQoSFilter,0x0102b6cc,networking,networking
AEEIID_IModLoaded,0x0108cce6,system,componentservices
AEECLSID_BTILREQRSP,0x0101db5c,tools,communication
AEEIID_IWindowMgrApp0,0x0103e0e3,system,brewcore
AEECLSID_ModPathUtil,0x01074e0a,security,modulemanager
AEEIID_IQoSSession,0x0103bce1,networking,networking
AEECLSID_vTimeZone,0x0105f4c1,databases,vcard
AEECLSID_MEDIAPMD,0x01005504,system,brewcore
AEEIID_IProcessList,0x01044919,system,componentservices
AEECLSID_SNEMASTER,0x0107001e,databases,icontacts
AEECLSID_USBCompositor_Empty,0x0108d10c,hardware,usbdevice
AEECLSID_USBListener,0x010943a6,hardware,usbdevice
AEECLSID_CALLSTATE,0x01062605,apps,softkeyappsuite
AEECLSID_OATSENSORS,0x0105a4e8,system,brewcore
AEECLSID_PUBKEYUTILTEST,0x01043ca6,system,componentservices
AEECLSID_ListFormScroll,0x01028e49,ui,widgets
AEECLSID_RFS,0x010753ab,system,componentservices
AEECLSID_OATDISPROT,0x01042e83,system,brewcore
AEEIID_TESTLOG,0x01040d05,deprecated,isqldbcshim
AEECLSID_GPSACTOR,0x01062231,apps,softkeyappsuite
AEECLSID_Wallpaper,0x0106f874,system,wallpaper
AEECLSID_SERIALPORT1,0x0103f434,system,componentservices
AEEIID_IMemMap,0x0102bc22,system,componentservices
AEECLSID_OATGPSONELOCKNOPL,0x01087857,hardware,gps
AEEIID_ROOTCONTAINER_1,0x0101593e,ui,widgets
AEECLSID_NETMTPDNOTIFIER,0x0102a00c,networking,networking
AEECLSID_DTMFCOREEXTENSION,0x0105f8e4,apps,softkeyappsuite
AEECLSID_OATSOCKPORTAPP_USER,0x01079c75,system,brewcore
AEECLSID_MULTIMEDIA,0x01005500,system,brewcore
AEECLSID_OATMEMCHK,0x0103c984,system,brewcore
AEECLSID_IJOYSTICK2,0x01021dac,hardware,joystick
AEECLSID_IJOYSTICK1,0x01021c2b,hardware,joystick
AEECLSID_GIF,0x01004003,system,brewcore
AEECLSID_MemRemoteAppsService,0x0106e279,system,componentservices
AEEIID_KEYSMAPPING,0x0105bb55,deprecated,headers
AEECLSID_HMACSHA512,0x0102a50f,deprecated,legacybrewcrypto
AEECLSID_MemRegionList,0x0106dc99,system,componentservices
AEECLSID_HMACSHA256Ctx,0x0102a511,system,componentservices
AEEIID_IACMConflictDetector,0x01086a10,system,concurrency
AEECLSID_DrawDecoratorWidget,0x010551c9,ui,widgets
AEECLSID_BREWSettingsStorePriv,0x01075336,system,brewcore
AEEIID_IWeb,0x01005000,networking,web
AEECLSID_BITFONT,0x01039989,system,brewcore
AEECLSID_GenBTILXtn,0x01042c3c,testframeworks,uitf
AEECLSID_SOFTKEYWIDGET,0x010551df,ui,widgets
AEECLSID_MEMMGRSERVICE,0x01028e92,system,componentservices
AEECLSID_DIBDisplayDev4Service,0x0103ce14,ui,display
AEECLSID_CIPHERMODE_CBC,0x0102ccd9,deprecated,legacybrewcrypto
AEECLSID_JPEG_RGB888_THUMB,0x0103bbf0,system,concurrency
AEECLSID_SHA512Ctx,0x0102a794,system,componentservices
AEECLSID_APPLETCTL2,0x0103b2f9,system,brewcore
AEECLSID_MemRemoteDSPService,0x0106e27a,system,componentservices
AEECLSID_OATPERFMISC_USER,0x0107b7a4,system,brewcore
AEECLSID_FORM,0x01028e47,ui,widgets
AEECLSID_SystemSound2_Service,0x01075024,system,brewcore
AEECLSID_LISTFORM_SCROLL,0x01028e49,ui,widgets
AEECLSID_OATCALLHISTORY,0x01010018,system,brewcore
AEECLSID_TMFLOADER,0x01040889,languages,trigplayer
AEECLSID_LIBLOADERACTOR,0x01070e88,apps,mam
AEECLSID_SmartDIB_32_888,0x0101502a,ui,display
AEEIID_MEMSHARESERVICE,0x01028e93,system,componentservices
AEEIID_IPort,0x01001018,system,componentservices
AEEIID_IOEMNetInfo,0x0102b808,system,brewcore
AEECLSID_SICPAPPLET,0x01041fa5,tools,communication
AEECLSID_BREWFONTS_LAST,0x0100a00a,system,brewcore
AEEIID_DIRECTMODE,0x0103fa30,ui,widgets
AEEIID_IFMRadio,0x01059908,hardware,fm
AEEIID_IMailPool0,0x0103e6a3,system,brewcore
AEEIID_HSIGNALQ,0x01028637,system,componentservices
AEECLSID_STARTAPP,0x010101ff,system,brewcore
AEECLSID_CARD0_ACCESS,0x0101414e,system,brewcore
AEECLSID_CURRENTLOCALE,0x010551c5,system,locales
AEEIID_IHeap1,0x0101f470,languages,lua
AEECLSID_SensorUtil,0x01071885,system,brewcore
AEECLSID_RSSISTATEMODEL,0x01033c67,apps,mam
AEECLSID_BLOCK_SEED_SW,0x0102d180,deprecated,legacybrewcrypto
AEECLSID_OATQOSSPEC,0x01234573,system,brewcore
AEEIID_IkMailPool,0x0105e840,system,componentservices
AEECLSID_ListWidget,0x01054a92,ui,widgets
AEECLSID_InterruptableCritSect,0x0105fc59,system,componentservices
AEECLSID_REMOTEGWTEST_APPS,0x0106c4e9,system,componentservices
AEECLSID_MEMRGNSVCCORE,0x01031e19,system,componentservices
AEEIID_IGWAgent1,0x01089b6f,system,componentservices
AEECLSID_OATDISPBUFFAPP,0x010783e9,system,brewcore
AEECLSID_OATMCAST,0x01031e0b,system,brewcore
AEECLSID_CHECKWIDGET_1,0x01028e0b,ui,widgets
AEECLSID_RAMCACHE,0x0100103d,system,brewcore
AEECLSID_OEMDateTimeTC,0x01057d63,ui,widgets
AEEIID_IHFont,0x0102ef8e,ui,widgets
AEECLSID_SignalFactory,0x0104108b,system,componentservices
AEECLSID_OATWEB,0x01012844,networking,web
AEECLSID_ContentThumbnail0,0x01071b66,media,contentdrm
AEECLSID_UTWidgetTC,0x010628dc,ui,widgets
AEECLSID_OATPERFSHELL_KERNEL,0x01075a4f,system,brewcore
AEECLSID_OEMDisplayDev1Service4,0x0108ae2d,system,brewcore
AEECLSID_OATNETMGR2,0x01046c91,system,brewcore
AEECLSID_OEMDisplayDev1Service2,0x0108ae2b,system,brewcore
AEECLSID_OEMDisplayDev1Service3,0x0108ae2c,system,brewcore
AEECLSID_SecureSysClock,0x0103d846,system,componentservices
AEECLSID_OEMDisplayDev1Service1,0x0108ae2a,system,brewcore
AEECLSID_USBDIAG,0x0108b234,hardware,usbdevice
AEECLSID_INTERFACEMODEL_1,0x01028e3d,ui,widgets
AEEIID_IWebEng,0x01005005,networking,web
AEECLSID_PROVISION_NAM,0x01006101,system,brewcore
AEECLSID_LOCALESL,0x010311f0,system,locales
AEECLSID_RADIOMODESTATEMODEL,0x010437d8,apps,mam
AEECLSID_FSGlobal,0x01073081,system,componentservices
AEECLSID_OATBACKGROUNDAPP,0x01075332,system,brewcore
AEEIID_IVersion,0x0104f5c0,deprecated,isqldbcshim
AEECLSID_VIDEOPHONE_NOTIFIER,0x01014077,telephony,staticextensions
AEECLSID_OATREALLOC,0x0104425f,system,brewcore
AEECLSID_LOCALESR,0x010311ee,system,locales
AEECLSID_ALARMMGR,0x0102f7b1,system,brewcore
AEECLSID_LOCALESV,0x010311f4,system,locales
AEECLSID_OATAPPCalendarint,0x0108d8f6,databases,pim
AEECLSID_OATFORMFACTORHELPER,0x01041930,system,brewcore
AEECLSID_OATAPPHISTNOPL,0x01034cc1,system,brewcore
AEECLSID_WIDGETTCVERSION,0x01057dd8,ui,widgets
AEEIID_ISMDFactory,0x0106e77b,system,componentservices
AEECLSID_McastControl2,0x0106e8ec,system,brewcore
AEEIID_IBTFTPServer,0x0108c532,connectivity,bluetooth
AEECLSID_BATTCOREEXTENSION,0x01062d96,apps,softkeyappsuite
AEEIID_FORCEFEED,0x0101eb0b,deprecated,headers
AEECLSID_PHONEAPPHANDLER,0x01089a92,apps,softkeyappsuite
AEECLSID_MEMCACHE,0x01030430,system,brewcore
AEECLSID_CTFTestEnable_DiagGW,0x0108c977,system,componentservices
AEECLSID_OATAPPHISTPLUSER,0x0103f201,system,brewcore
AEECLSID_POSDET_20,0x0100102a,system,brewcore
AEECLSID_FILEBROWSERACTOR,0x0103465c,apps,softkeyappsuite
AEECLSID_MemSpaceService,0x0106d7c5,system,componentservices
AEECLSID_OATMEDIASTRESS,0x01087cc7,media,multimedia
AEECLSID_OATDNSAPP,0x010754c4,system,brewcore
AEECLSID_MEDIAAMRWB,0x010377ed,deprecated,headers
AEECLSID_Transition2_Scroller,0x01071964,ui,widgets
AEEIID_ISemaphore,0x0106c2c3,system,componentservices
AEECLSID_SignalBus,0x01036d2c,system,componentservices
AEECLSID_a1DebugFactory,0x0104493f,system,componentservices
AEECLSID_OATAPPCalendarint_USER,0x0108d8f7,databases,pim
AEEIID_ICallSC,0x0106c74f,apps,softkeyappsuite
AEECLSID_SSL,0x0102fa9d,security,ssl
AEECLSID_SYSTIMERUSEC_SERVICE,0x0105dc75,system,componentservices
AEECLSID_xOpts,0x01005004,system,componentservices
AEEIID_MSGQ,0x0103260e,system,componentservices
AEECLSID_OATRUIM,0x0101285a,system,brewcore
AEECLSID_OATSSL,0x0102ccc1,security,ssl
AEECLSID_MD5CTX,0x01001039,system,brewcore
AEECLSID_ENCODING_UTF8,0x01004102,system,brewcore
AEECLSID_OATMediaQCP,0x0108aaa2,media,multimedia
AEECLSID_NetUtils,0x01031744,networking,networking
AEECLSID_MEDIAIMELODY,0x0100550c,system,brewcore
AEECLSID_PrivSetTestSvc_U,0x01072684,system,componentservices
AEEIID_IWebUtil,0x01005001,networking,web
AEECLSID_BTFTPServer,0x01070325,connectivity,bluetooth
AEEIID_IASObject,0x01078f15,languages,flash
AEEIID_VFSCONTAINER,0x0102e0ea,languages,trigplayer
AEEIID_IHeapBlockFactory,0x0106ebfa,system,componentservices
AEEIID_IACMPriorityValue,0x0108c042,system,concurrency
AEECLSID_LOCALELV,0x010311e5,system,locales
AEECLSID_OATMediaPCM,0x0108aaa4,media,multimedia
AEEIID_IOBEXSrvSession,0x01058559,connectivity,bluetooth
AEECLSID_TESTSIGVERIFIERTEST,0x01079e64,system,componentservices
AEECLSID_POSDET,0x0100105b,system,brewcore
AEECLSID_BUTTONTC,0x01056604,ui,widgets
AEECLSID_OATPERFAPPHISTORY_USER,0x01075a42,system,brewcore
AEECLSID_OATBACKLIGHT,0x0102eca2,system,brewcore
AEECLSID_MEDIAMPEG4,0x01005507,system,brewcore
AEECLSID_MODMOVERTEST_INTERNAL,0x01087a30,security,modulemanager
AEECLSID_REFURBISHNOTIFIER,0x0103b128,apps,mam
AEECLSID_PubKeyEngRSABest,0x0103eff0,system,componentservices
AEEIID_IProcessDebug,0x010404fd,system,componentservices
AEECLSID_CLIENTXTN,0x01031551,tools,communication
AEECLSID_USBNMEA,0x0108b235,hardware,usbdevice
AEECLSID_USBDeviceService,0x01070811,hardware,usbdevice
AEEIID_TRIGPRIVATE,0x0103eed6,languages,trigplayer
AEECLSID_BITFONTFOUNDRY,0x0100a100,system,brewcore
AEEIID_IPopupMenu,0x01014f31,ui,widgets
AEECLSID_FlashWidget,0x0107b12b,languages,flash
AEECLSID_CONTROL_LAST,0x0100300b,system,brewcore
AEECLSID_CLIPBOARDTEST,0x01036a7d,system,brewcore
AEECLSID_CurrentLocale,0x010551c5,system,locales
AEECLSID_VIDEOPHONEACTOR,0x01045776,apps,softkeyappsuite
AEECLSID_OATJOYSTICKAPP,0x010756a9,system,brewcore
AEECLSID_USBCSGWService,0x0108b115,hardware,usbdevice
AEECLSID_DEVICENOTIFIER,0x0100105a,system,brewcore
AEECLSID_KeysMapping_Service,0x01082618,hardware,keysmapping
AEECLSID_OATRSAApp,0x0107deb4,deprecated,legacybrewcrypto
AEEIID_IMAGE,0x01013110,media,imagedecoders
AEECLSID_THUMBNAILIMAGEGENERATOR,0x01071b68,media,contentdrm
AEECLSID_TIMEFORMATACTOR,0x010386d0,apps,softkeyappsuite
AEECLSID_JPEG_YCRCB420LP_MAIN,0x01061b0c,system,concurrency
AEECLSID_OATNETUTILS2APP_USER,0x01079c4c,system,brewcore
AEECLSID_UIMDBEXT_SERVICE,0x01070019,databases,icontacts
AEECLSID_OATWEBAPPUSER,0x01075c45,networking,web
AEECLSID_USAGE_APP,0x01009000,system,brewcore
AEECLSID_OATPERFDISPLAY_KERNEL,0x01075a4a,system,brewcore
AEECLSID_OEMSysClockSing,0x01087c49,system,brewcore
AEECLSID_OATDNS,0x01010017,system,brewcore
AEECLSID_MLICENSEPOLICY,0x0103c167,system,brewcore
AEECLSID_SIMULATORCONFIG,0x0103dffd,tools,simulator
AEECLSID_JPEG_YCBCR422LP_MAIN_IQI,0x01074f63,system,concurrency
AEEIID_ILuaEnv,0x01081102,languages,lua
AEECLSID_CSN1CREATE,0x01011d97,system,brewcore
AEECLSID_CONTROL,0x01003000,system,brewcore
AEECLSID_VIDEOCAMERAACTOR,0x0103b574,apps,softkeyappsuite
AEECLSID_NET_11,0x01001105,system,brewcore
AEECLSID_GallerySyncNotifier_Emitter,0x0105b89b,databases,gallery
AEECLSID_OATTHREAD,0x0101ffa6,system,brewcore
AEEIID_IWindowFoo1,0x01074eb8,ui,wm
AEECLSID_OATSOCKAPP_USER,0x01079c74,system,brewcore
AEECLSID_BTBPPSender,0x0106fdd1,connectivity,bluetooth
AEECLSID_DevBitmap1Child,0x01012b5b,ui,display
AEECLSID_WIDGETSVERSION,0x0105553c,ui,widgets
AEECLSID_OATSTDLIB,0x01010007,system,brewcore
AEECLSID_OATGALLERYAPP_KERNEL,0x0107ebe6,databases,gallery
AEECLSID_ModProps,0x0107050b,system,brewcore
AEECLSID_ModCtl1,0x0107142a,system,componentservices
AEECLSID_OATNETUTILSAPP_USER,0x01079c4b,system,brewcore
AEECLSID_SHA512Ctx_SIZE,0x000000d0,system,componentservices
AEECLSID_AddrInfoCache,0x01037ae7,networking,networking
AEECLSID_HMAC_MD2CTX,0x0100104d,system,brewcore
AEECLSID_MediaMIDI,0x01005501,media,multimedia
AEECLSID_ALARMCLOCK,0x010426f4,apps,softkeyappsuite
AEECLSID_CONTENTHANDLERSRIGHTSINSTALL,0x010755b3,media,contentdrm
AEECLSID_GPSOneLock,0x01060e98,hardware,gps
AEECLSID_SmartDIBFactory,0x01074e2d,ui,display
AEECLSID_BNEng,0x0103a404,system,componentservices
AEECLSID_InterfaceModel,0x010551ce,ui,widgets
AEECLSID_HMAC_MD2,0x0100104a,system,brewcore
AEECLSID_OATMediaXMFApp,0x0108aab7,media,multimedia
AEECLSID_PrivSetTestSvcServer,0x01072685,system,componentservices
AEECLSID_OATDISPROTTESTAPP,0x01042e5e,system,brewcore
AEECLSID_SIMULATORDISPLAY3,0x01038cc9,tools,simulator
AEECLSID_SIMULATORDISPLAY2,0x01038cc8,tools,simulator
AEECLSID_DummyMod500k,0x01088ef1,security,modulemanager
AEECLSID_EventPipe,0x0108aedb,system,brewcore
AEECLSID_DisplayCanvas,0x010551c8,ui,widgets
AEECLSID_BTCNXN,0x01071b3b,apps,softkeyappsuite
AEECLSID_OATCONTENTTHUMBNAIL,0x0107424e,media,contentdrm
AEECLSID_LocaleSV,0x010311f4,system,locales
AEECLSID_OATUMTS,0x0101c018,system,brewcore
AEECLSID_REMOTEGWTEST_MODEM,0x0106c4e8,system,componentservices
AEECLSID_WebUtil,0x01005001,networking,web
AEECLSID_OEMNotifyService,0x0106f548,system,brewcore
AEEIID_GLES11,0x0103d8ea,system,brewcore
AEEIID_GLES10,0x0103d8dd,system,brewcore
AEECLSID_OATPERFFILESYSTEM_USER,0x01075a4c,system,brewcore
AEEIID_IImageDecoder,0x01026e20,media,imagedecoders
AEECLSID_UTWidgets,0x0101e699,ui,widgets
AEECLSID_LuaTest,0x0106edac,languages,lua
AEECLSID_OATX509ChainApp,0x0108ea39,deprecated,legacybrewcrypto
AEECLSID_GENERICVIEWER_CONVERT,0x01026e6f,deprecated,headers
AEECLSID_OATFLIPSUSPEND,0x010356a3,system,brewcore
AEECLSID_PROVISION_CLOGO,0x01006102,system,brewcore
AEECLSID_BTILSVCLAYER,0x0101db5d,tools,communication
AEECLSID_DevBitmap2Child,0x01012b5c,ui,display
AEECLSID_OATDRMAPP_KERNEL,0x0107f0e4,media,contentdrm
AEECLSID_SAXCONTENTHANDLER,0x01002006,system,brewcore
AEECLSID_UTBBFE,0x0103a376,ui,fonts
AEECLSID_STATIC,0x0100110a,system,brewcore
AEECLSID_LocaleEL,0x010311e1,system,locales
AEECLSID_MsgStoreMsgTest,0x01091105,databases,pim
AEECLSID_MD5Ctx_SIZE,0x00000058,system,componentservices
AEECLSID_OATBACKLIGHTAPP,0x01073fdd,system,brewcore
AEECLSID_PrimaryQoSSession,0x01044ef0,networking,networking
AEEIID_IBTMgr,0x0105397c,connectivity,bluetooth
AEECLSID_CodeSigPolicyParams,0x0103f708,system,componentservices
AEECLSID_OATSVGDOMAPP,0x01075571,media,multimedia
AEECLSID_LocaleES,0x010311f2,system,locales
AEECLSID_3DES_ENCRYPT,0x01001037,system,brewcore
AEECLSID_MemPoolServiceSMI,0x0106e430,system,componentservices
AEECLSID_OATPERFSHELL,0x01075677,system,brewcore
AEECLSID_UTHTMLWidget,0x010344d1,ui,widgets
AEECLSID_OEMDATETIMETC,0x01057d63,ui,widgets
AEECLSID_MEDIAACTOR,0x010375b4,apps,softkeyappsuite
AEECLSID_OATQOSSESSIONDEV,0x01234576,system,brewcore
AEECLSID_TESTACMB,0x010754ab,system,concurrency
AEECLSID_IMAGECTL,0x0100300b,system,brewcore
AEEIID_IRemoteStub,0x01028d87,system,componentservices
AEECLSID_G11,0x1000000b,system,brewcore
AEECLSID_G10,0x1000000a,system,brewcore
AEECLSID_Mp4ParserMetadata,0x0108c4fc,media,contentdrm
AEECLSID_RESFILE,0x0105522f,ui,widgets
AEECLSID_ACMSingletonService,0x0108a233,system,concurrency
AEEIID_IDecorator,0x01015934,ui,widgets
AEECLSID_ROOTFORM,0x01028e51,ui,widgets
AEECLSID_C_BasicMod1App,0x0108e049,tools,multi-platform-samplecode
AEECLSID_OATFLIPUNLOAD,0x010358b0,system,brewcore
AEECLSID_SysTimer,0x01028c22,system,componentservices
AEECLSID_LocaleDEDE,0x0102c262,system,locales
AEECLSID_SAMPLE_APP,0x01008000,system,brewcore
AEECLSID_DISPLAYCANVAS_1,0x01028e13,ui,widgets
AEECLSID_MENUMODEL,0x010551cf,ui,widgets
AEECLSID_BREWSettingsStore,0x01073681,system,brewcore
AEEIID_FONTBIDIUTIL,0x010350b5,ui,widgets
AEECLSID_APPLET,0x01010100,system,brewcore
AEECLSID_EVENTTESTAPP_USER,0x01045570,system,brewcore
AEEIID_GLESIMAGEONEXT_V1,0x010459b1,system,brewcore
AEECLSID_MEDIADLS,0x01005513,system,brewcore
AEECLSID_LoopbackOpener,0x0106c868,system,componentservices
AEEIID_IASArgs,0x01078f16,languages,flash
AEEIID_INETUTILS,0x010329cf,deprecated,headers
AEEIID_IMediaFrameModel,0x010359e8,ui,widgets
AEECLSID_JPEG_RGB_THUMB,0x01030e59,system,concurrency
AEECLSID_OATQOSLIST,0x01234569,system,brewcore
AEECLSID_HMACSHA512Ctx_SIZE,0x00000158,system,componentservices
AEEIID_IOEMNetArbiter,0x01045ea5,system,brewcore
AEECLSID_SERIALCONFIG,0x01001026,system,brewcore
AEECLSID_SOFTKEYTC,0x0105660c,ui,widgets
AEECLSID_FONT_STANDARD18B,0x0102f67c,ui,fonts
AEECLSID_OATNETWORK2,0x01046c93,system,brewcore
AEECLSID_SysClock,0x0103dc8e,languages,lua
AEECLSID_BTFESimpleTypeface,0x01079324,ui,fonts
AEECLSID_FinalizerLuaLib,0x0106c653,apps,mam
AEECLSID_PROGRESSWIDGET_1,0x01028e21,ui,widgets
AEECLSID_OATOS,0x01010013,system,brewcore
AEEIID_IFileSystem,0x0101adf9,system,componentservices
AEECLSID_OATMEDIAAPP,0x0107569a,media,multimedia
AEECLSID_OEMWINPORT,0x01046777,system,componentservices
AEECLSID_BREWWIN32TARGET,0x0103676a,tools,simulator
AEECLSID_NATIVEBMP,0x01004001,system,brewcore
AEECLSID_APP_1,0x01000116,system,brewcore
AEECLSID_DownloadServerName,0x01075c4d,system,brewcore
AEECLSID_MEMMGRTEST,0x01031b60,system,componentservices
AEEIID_IMultiModSigCtl,0x010894eb,system,componentservices
AEECLSID_WIFI,0x0102ffdb,connectivity,wlan
AEECLSID_OATHSREQ,0x0101280f,system,brewcore
AEECLSID_CTGMODMGRPERF,0x01088fb2,security,modulemanager
AEECLSID_HTYPE_SERIALDEVICE,0x01011be6,hardware,sio
AEECLSID_ROOTCONTAINER_1_1,0x01028e25,ui,widgets
AEECLSID_OATADDRBOOK,0x0101000f,system,brewcore
AEECLSID_CEServiceOpener,0x0736c5cb,system,componentservices
AEECLSID_APPHISTORY,0x0100104f,system,brewcore
AEECLSID_AnnunciatorControl_Display4,0x01062810,system,brewcore
AEECLSID_AnnunciatorControl_Display3,0x0106280f,system,brewcore
AEECLSID_AnnunciatorControl_Display2,0x0106280e,system,brewcore
AEECLSID_AnnunciatorControl_Display1,0x0106280d,system,brewcore
AEECLSID_KEYSMAPPING,0x0105a4fc,deprecated,headers
AEECLSID_BlockAES192SW,0x01039ad8,system,componentservices
AEECLSID_LOCALEENGB,0x0102c250,system,locales
AEECLSID_LOCALESVERSION,0x0105770d,system,locales
AEECLSID_ROOTCONTAINER,0x01055241,ui,widgets
AEECLSID_OATQOSFILTER,0x01234574,system,brewcore
AEEIID_BTILXTN,0x010198f7,deprecated,btil
AEECLSID_OAT,0x01010001,system,brewcore
AEECLSID_MemRemoteApps,0x0106e276,system,componentservices
AEECLSID_WEBRESP,0x01005002,system,brewcore
AEECLSID_DIBFACTORY,0x0101f535,system,brewcore
AEEIID_IUIMDB,0x01070027,databases,icontacts
AEECLSID_SIMULATOROUTPUT,0x0103a075,tools,simulator
AEECLSID_RIGHTSMANAGERACTOR,0x0105018c,apps,softkeyappsuite
AEECLSID_ASETestObj1,0x0108d699,languages,flash
AEECLSID_Mp3ParserRegisterApp,0x0107f058,media,contentdrm
AEECLSID_DisplayDev4,0x0101261c,ui,display
AEEIID_PORT1,0x0103eedd,system,brewcore
AEECLSID_ResourceCtl1Service,0x010412b3,system,brewcore
AEEIID_IThreadDebug,0x01042cbf,system,componentservices
AEECLSID_ADDRBOOK_20,0x01002004,system,brewcore
AEECLSID_ADDRBOOK_21,0x01002017,system,brewcore
AEECLSID_DEBUGGER,0x0101611a,system,brewcore
AEEIID_IBTOPPClient,0x0106e5ac,connectivity,bluetooth
AEECLSID_SMSBCCONFIG,0x0100500d,system,brewcore
AEECLSID_OATSOUND,0x0101000b,system,brewcore
AEECLSID_MUSICBROWSERACTOR,0x010375a0,apps,softkeyappsuite
AEECLSID_MAINPROCESSTEST,0x0102efb2,system,componentservices
AEEIID_IBTPBAPClient,0x0106ec07,connectivity,bluetooth
AEECLSID_PubKeyRSABest,0x0103efee,system,componentservices
AEECLSID_CONTENTHANDLERSMETADATA,0x0106dcc2,media,contentdrm
AEECLSID_MD5,0x01001015,system,brewcore
AEECLSID_CalendarStoreTest,0x0108cb9c,databases,pim
AEEIID_IBTOPPServer,0x0106e5a0,connectivity,bluetooth
AEECLSID_BCMCSDATABASE,0x01036174,deprecated,headers
AEECLSID_LOCALEZHTW,0x0103a1e4,system,locales
AEECLSID_GRIDWIDGET,0x01054a8d,ui,widgets
AEECLSID_FilePort,0x01020726,system,componentservices
AEECLSID_ECCDeviceTest1,0x0108a2cd,databases,icontacts
AEECLSID_SOFTKEYCTL,0x01003101,system,brewcore
AEECLSID_OATUSBDRIVERAPP_KERN,0x0107aef4,deprecated,usbdriver
AEECLSID_CORE_LAST,0x0100105b,system,brewcore
#define,0x010234aa,system,brewcore
AEECLSID_OATFSNOPLUSER,0x0103eb8b,system,brewcore
AEECLSID_LOCALERO,0x010311ec,system,locales
AEECLSID_UIMDBADN,0x0107000c,databases,icontacts
AEEIID_IMsgTransport,0x0106f048,system,componentservices
AEECLSID_OATGLES,0x01018f6c,system,brewcore
AEECLSID_JPEG_IQI,0x01074f5e,system,concurrency
AEECLSID_LOCALEFA,0x0103a1e6,system,locales
AEECLSID_KMailboxService0,0x0103e6a6,system,brewcore
AEECLSID_FSSpar,0x0103f916,system,componentservices
AEECLSID_MDN,0x0101b3ad,system,brewcore
AEEIID_SIMULATORCONFIG,0x0103dffc,tools,simulator
AEECLSID_JPEG_YCBCR422LP_MAIN,0x01030e5c,system,concurrency
AEEIID_IRemoteRef,0x0106c505,languages,lua
AEECLSID_OATHEAP,0x01010009,system,brewcore
AEECLSID_OATCAMERA,0x01012531,system,brewcore
AEECLSID_MLICENSE,0x01039bea,system,brewcore
AEECLSID_CALLSTATEACTOR,0x01030731,apps,softkeyappsuite
AEECLSID_NETWORK,0x01039270,deprecated,headers
AEECLSID_POSDET_302,0x01001041,system,brewcore
AEEIID_IHashTable,0x0102c358,system,componentservices
AEECLSID_BATTSTATEMODEL,0x010339c6,apps,mam
AEECLSID_IMAGESTATICWIDGET_1,0x01028e18,ui,widgets
AEECLSID_MediaAAC,0x0100550b,media,multimedia
AEECLSID_OATMediaSMAFApp,0x0108aabc,media,multimedia
AEECLSID_DISPMAIN,0x01006001,system,brewcore
AEEIID_IBitmapCtl3,0x0106ecc4,ui,display
AEECLSID_MEDIAQCP,0x01005503,system,brewcore
AEECLSID_Transition2_Mover,0x0106f265,ui,widgets
AEECLSID_APP0_USER,0x0104556d,system,brewcore
AEECLSID_PopupForm,0x01028e4b,ui,widgets
AEECLSID_JulianDateWidget,0x01054a90,ui,widgets
AEECLSID_OATTAPIAPP,0x0107556b,system,brewcore
AEECLSID_UIMDBGAS_SERVICE,0x01070021,databases,icontacts
AEECLSID_OATPERFCPROTO_KERNEL,0x01075ceb,system,brewcore
AEECLSID_TEXTCONTROLLER,0x01028e2c,ui,widgets
AEECLSID_LOCALENL,0x010311df,system,locales
AEECLSID_OATSIOAPP,0x01075637,system,brewcore
AEECLSID_LOCALENO,0x010311e8,system,locales
AEEIID_IResourceCtl,0x0101e52e,system,brewcore
AEECLSID_MediaPlayer,0x0103a67c,system,brewcore
AEECLSID_OEMTabTC,0x01057d6a,ui,widgets
AEECLSID_BTOPPServer,0x0106e5ad,connectivity,bluetooth
AEEIID_ISettings,0x0104201a,system,settings
AEEIID_IDeviceBridge,0x010891a2,system,componentservices
AEECLSID_BNDSPEng,0x0103e9d9,system,componentservices
AEECLSID_MediaEVRCNB,0x0105f3a9,media,multimedia
AEEIID_IQoSList,0x0102b6ca,networking,networking
AEEIID_IModListener,0x010454fc,system,brewcore
AEEIID_QOSBUNDLE,0x01037ad4,deprecated,headers
AEECLSID_COUNTDOWN,0x010427e7,apps,softkeyappsuite
AEECLSID_BTILLIB,0x0101e446,system,brewcore
AEECLSID_OEMTextTC,0x01057d6b,ui,widgets
AEECLSID_Display1RequestLCDOn,0x0108c2f8,apps,softkeyappsuite
AEECLSID_CALLMGR,0x01001052,system,brewcore
AEECLSID_QFONT35B,0x0107d335,apps,mam
AEEIID_IUTime,0x0108b77d,system,componentservices
AEECLSID_CTGMODMOVERINTERNAL,0x010883bd,security,modulemanager
AEEIID_ActorFrame,0x0103cdf0,languages,platformactors
AEEIID_IDocModel,0x0102d692,ui,widgets
AEECLSID_ALARMSRESERVED,0x01030131,system,brewcore
AEECLSID_OATFLIP,0x0103012b,system,brewcore
AEECLSID_BITMAPWIDGET_1,0x01028e03,ui,widgets
AEEIID_IGWAgent,0x0103df63,system,componentservices
AEECLSID_DSPOpener,0x01061bd4,system,componentservices
AEECLSID_SOUND2_SERVICE,0x0103d0ca,system,brewcore
AEECLSID_so1ModLoader,0x01040484,system,componentservices
AEECLSID_OATPERFSUPPORT_02_USER,0x0103f21c,system,brewcore
AEECLSID_ModSettings,0x0104201c,system,settings
AEECLSID_APP1_CLSID,0x010101a2,system,brewcore
AEECLSID_GWTEST,0x01046b45,system,componentservices
AEEIID_IQubeMailBoxFactory,0x0105e809,system,componentservices
AEECLSID_ctftimezonechangetest,0x01089ceb,databases,timezone
AEECLSID_OATSOUNDAPP,0x01075608,media,multimedia
AEECLSID_SETTINGS_TRIG,0x01031fd4,apps,softkeyappsuite
AEEIID_IModInstaller,0x010733cb,security,modulemanager
AEECLSID_RadioWidget,0x010551d3,ui,widgets
AEECLSID_C_BasicMod1ExtApp,0x0108e6f6,tools,multi-platform-samplecode
AEECLSID_MEDIAUTIL,0x0100550d,system,brewcore
AEECLSID_OATLegacyCipher,0x0102e52c,deprecated,legacybrewcrypto
AEEIID_IBTA2DPNotifier,0x01061c2a,connectivity,bluetooth
AEECLSID_PRIMARYQOSSESSION,0x01044ef0,deprecated,headers
AEECLSID_MemCache1,0x0106e415,system,componentservices
AEECLSID_JPEGBREW,0x0102fd93,media,imagedecoders
AEECLSID_TimeZone,0x0106fd7c,databases,timezone
AEECLSID_ENCODING_ISOLATIN1,0x01004103,system,brewcore
AEECLSID_FileSystem2Remote,0x01072932,system,componentservices
AEEIID_GETHOSTBYNAMEADAPTOR,0x010373d5,hardware,gps
AEECLSID_DISPLAY1,0x010127d4,ui,display
AEECLSID_STREAMDEMOXTN,0x01034ee5,tools,communication
AEECLSID_MODEL,0x010551d0,ui,widgets
AEECLSID_BTPBAPServer,0x0106ebf5,connectivity,bluetooth
AEECLSID_OATSOCKET2,0x01012929,system,brewcore
AEEIID_TRIGPLAYER,0x01027fc0,languages,trigplayer
AEECLSID_NetworkDebugSet,0x01038e14,system,brewcore
AEECLSID_OEMSecureSysClockBus,0x010869d5,system,componentservices
AEECLSID_ResolverDebugSetService,0x01070a4d,system,brewcore
AEECLSID_QOSBUNDLE,0x01036c9c,deprecated,headers
AEECLSID_DATEPICKCTL,0x01003004,system,brewcore
AEEIID_BITMAP,0x01001021,ui,display
AEECLSID_BORDERWIDGET_1,0x01028e05,ui,widgets
AEECLSID_SUPPSVC,0x0101317e,system,brewcore
AEECLSID_CALLLOG,0x0102f142,apps,softkeyappsuite
AEECLSID_StreamSoberSW,0x0102d183,system,componentservices
AEECLSID_TextController,0x01028e2c,ui,widgets
AEECLSID_CALCULATORTRIG,0x0103331b,apps,softkeyappsuite
AEECLSID_OATDISPATCHERSUPPAPP,0x01044c4e,system,brewcore
AEECLSID_CONSOLIDATEDCALLLISTACTOR,0x0103b75a,apps,softkeyappsuite
AEECLSID_TabTC,0x0105660d,ui,widgets
AEECLSID_OATSYSCLOCKAPP,0x01075570,system,brewcore
AEECLSID_CERTBAGTEST,0x010386d3,system,componentservices
AEECLSID_BLOCK_AES128_HW,0x0102ccd5,deprecated,legacybrewcrypto
AEECLSID_AEESAFEMODE,0x01013907,system,brewcore
AEECLSID_SSAVER,0x0001009f,system,brewcore
AEECLSID_MEDIATEST,0x0103c565,media,multimedia
AEECLSID_VFSSTRUCTCONTAINER,0x0102e0ef,languages,trigplayer
AEEIID_IFontBidiUtil,0x010350b5,ui,widgets
AEECLSID_OATQOSSESSIONSIM,0x01234577,system,brewcore
AEECLSID_CTGSECUREFILE,0x01076115,security,modulemanager
AEECLSID_vParm,0x0102ca7d,databases,vcard
AEECLSID_BTILASYNC,0x0101e68f,tools,communication
AEECLSID_QoSDebugSetService,0x01070a4b,system,brewcore
AEECLSID_OEMSecureSysClockBusSing,0x010869d6,system,componentservices
AEECLSID_DISPLAY_EMPTY,0x01033b96,system,brewcore
AEECLSID_SEQUENCER,0x01040a98,deprecated,isqldbcshim
AEECLSID_OATSIO2,0x01013e21,system,brewcore
AEECLSID_PNGBREW,0x01030765,media,imagedecoders
AEECLSID_OATAPPHIST,0x01034cbf,system,brewcore
AEECLSID_MemCache1Service,0x0106e412,system,componentservices
AEECLSID_MEDIAMP3,0x01005502,system,brewcore
AEECLSID_USBListenerSingleton,0x010943a8,hardware,usbdevice
AEEIID_IUSBFunction,0x010883b4,hardware,usbdevice
AEECLSID_VFSCACHECONTAINER,0x0102e0f0,languages,trigplayer
AEEIID_CANVAS,0x0101e3f2,ui,widgets
AEECLSID_NativeBMP,0x01004002,media,imagedecoders
AEECLSID_PubKeyUtil,0x01039993,system,componentservices
AEECLSID_CTGVOLDB,0x01076116,security,modulemanager
AEECLSID_HOMESCREENACTOR,0x0102fe20,apps,softkeyappsuite
AEEIID_IObserver,0x0106df9d,ui,widgets
AEECLSID_OATPRIMARYQOSSESSIONAPP_USER,0x01079c70,system,brewcore
AEEIID_BT_SPP_SERVER,0x01041694,connectivity,bluetooth
AEECLSID_CipherModeCFB,0x0102ccda,system,componentservices
AEECLSID_BTServiceDiscovery,0x01062f7f,connectivity,bluetooth
AEEIID_Registry2,0x0103fde7,system,brewcore
AEECLSID_OATSOURCE,0x0103883f,system,brewcore
AEEIID_APPHISTORY2,0x0103b179,system,brewcore
AEECLSID_OATGSM1XCTL,0x010127cc,system,brewcore
AEECLSID_PDPSETTINGSTEST_RW,0x010717f8,system,brewcore
AEECLSID_BlockAES128,0x0102ccd3,system,componentservices
AEEIID_SIMULATOROUTPUT,0x00103a07,tools,simulator
AEEIID_IFontMapModel,0x0103a3e6,ui,widgets
AEEIID_IThread1,0x0101fb33,system,componentservices
AEECLSID_PubKeyEngRSADSP,0x0103efef,system,componentservices
AEECLSID_ACMSingleton,0x0108a234,system,concurrency
AEECLSID_AddrInfoService,0x01039a02,system,brewcore
AEEIID_TRIGMLATTRIBUTE,0x01034258,languages,trigplayer
AEECLSID_OATSTDLIBAPPUSER,0x010757a0,system,brewcore
AEECLSID_ENCODING_UTF16,0x01004101,system,brewcore
AEECLSID_NetUtils2,0x0106ef36,system,brewcore
AEECLSID_EncryptedModLoadTest,0x010870b7,security,modulemanager
AEEIID_IPARAMETERS,0x0102d13b,deprecated,headers
AEECLSID_LocaleDA,0x010311de,system,locales
AEEIID_ISigNotifierSubscriber,0x010563c3,databases,gallery
AEECLSID_VIDEOPHONEFRAMEMODEL,0x0104b984,apps,softkeyappsuite
AEECLSID_OEMCHECKTC,0x01057d61,ui,widgets
AEEIID_DOXPOS,0x0102e886,ui,widgets
AEECLSID_IIMAGE_GETNFRAMES,0x0107530a,media,imagedecoders
AEEIID_TRIGMLEXTENSIONMETADATA,0x010416ef,languages,trigplayer
AEECLSID_FlashLitePlayer,0x010748d3,languages,flashlite
AEECLSID_C_BASICAPP,0x008d75ea,tools,multi-platform-samplecode
